model,p_level,n,MARD_mean,MARD_sd,MARD_ci_lo,MARD_ci_hi,RMSE_mean,RMSE_sd,RMSE_ci_lo,RMSE_ci_hi,Delta_MARD_mean,Delta_MARD_sd,Delta_MARD_ci_lo,Delta_MARD_ci_hi
LightGBM,0,12,9.831339409401744,2.0389710897765547,8.761014960250597,10.904172820495962,20.525861920493934,3.467418840857231,18.689209529903117,22.419344137111867,0.0,0.0,0.0,0.0
LightGBM,5,12,9.921463314088651,2.2301394607420093,8.764407083047699,11.105823994420938,20.55081900775868,3.4933572690846564,18.703091170998885,22.428493420412597,-0.09012390468690622,0.34363484069468037,-0.27824454357689976,0.08486320456221082
LightGBM,10,12,9.768339846054728,2.2346267622344675,8.644912567926829,10.98709087502261,20.322956117253145,3.4714990094235683,18.524169781283945,22.200804047145336,0.06299956334701802,0.35818294948680274,-0.13656471094064515,0.23555512932875225
LightGBM,20,12,9.65540567254484,2.056338225658075,8.59161693630949,10.752463838938237,20.274444160618373,3.532368702049208,18.42421780046165,22.193074401276125,0.17593373685690636,0.23442310263684854,0.05464277991766997,0.299756494879625
LightGBM,30,12,9.666789510967298,2.0547960130393403,8.601190445768962,10.750432330056931,20.242285074014866,3.5389947943786013,18.39410654188253,22.16396352460991,0.16454989843444576,0.22026661481983495,0.060416795683679955,0.2904533307720842
LightGBM,50,12,9.63051881729975,2.1108409966831267,8.53097955281777,10.76778700002935,20.143394135510835,3.5755396073879244,18.282142338118298,22.105482372166257,0.20082059210199468,0.24184063871162068,0.08048770156599244,0.32867858646833414
Persistence,0,12,11.929427883142736,2.3302169235485413,10.676853345784933,13.10904215508719,24.94592368080121,3.955350457462513,22.799816130317442,27.06473826415812,0.0,0.0,0.0,0.0
Persistence,5,12,11.929427883142736,2.3302169235485413,10.676853345784933,13.10904215508719,24.94592368080121,3.955350457462513,22.799816130317442,27.06473826415812,0.0,0.0,0.0,0.0
Persistence,10,12,11.929427883142736,2.3302169235485413,10.676853345784933,13.10904215508719,24.94592368080121,3.955350457462513,22.799816130317442,27.06473826415812,0.0,0.0,0.0,0.0
Persistence,20,12,11.929427883142736,2.3302169235485413,10.676853345784933,13.10904215508719,24.94592368080121,3.955350457462513,22.799816130317442,27.06473826415812,0.0,0.0,0.0,0.0
Persistence,30,12,11.929427883142736,2.3302169235485413,10.676853345784933,13.10904215508719,24.94592368080121,3.955350457462513,22.799816130317442,27.06473826415812,0.0,0.0,0.0,0.0
Persistence,50,12,11.929427883142736,2.3302169235485413,10.676853345784933,13.10904215508719,24.94592368080121,3.955350457462513,22.799816130317442,27.06473826415812,0.0,0.0,0.0,0.0
Ridge,0,12,10.502839820070259,2.0700359730336193,9.412466871815926,11.587274047203607,21.891357146040193,3.7231846047704735,19.95907113305093,23.953580476963285,0.0,0.0,0.0,0.0
Ridge,5,12,11.032531364837121,2.39668041495475,9.754259070655037,12.259875526102597,22.93448562370863,4.104754652444807,20.776669390529428,25.112369126002836,-0.5296915447668631,0.9168936867587086,-1.0123957244149455,-0.026932224459594454
Ridge,10,12,10.701576075956183,2.507451064512178,9.380462666625126,12.027810144703254,22.229593076982358,3.9490176225755955,20.153561131878316,24.337584430235978,-0.19873625588592372,0.9333849893784045,-0.6819711222631668,0.29456916999066474
Ridge,20,12,10.351301483564777,2.3180082918860765,9.13681341590641,11.580638497818066,21.66884196151589,3.8337991161441143,19.694004568771454,23.7476689587531,0.15153833650548099,0.5760233543002602,-0.13710415144906168,0.45773191264144153
Ridge,30,12,10.241732888655662,2.1215710208049137,9.132909792195003,11.361605017163038,21.535772042087675,3.7926300821632823,19.521475289043515,23.56861197893566,0.26110693141459523,0.4704550921424755,0.02432939062872662,0.5325701455123943
Ridge,50,12,10.151033875867364,2.146468177287908,9.027914113307778,11.30975835582558,21.363742407835147,3.87365072985989,19.319619929219357,23.426965147716942,0.35180594420289446,0.5286134617143222,0.08720671662389329,0.6447345143433341
