model,p_level,n_improved,n_patients,mean_diff,diff_ci_lo,diff_ci_hi,median_diff,W,p
LightGBM,5,4,12,0.09012390468690623,-0.0848632045622109,0.2782445435768995,0.02981657373044566,28.0,0.423828125
LightGBM,10,9,12,-0.06299956334701802,-0.23555512932875253,0.13656471094064462,-0.11926158660482322,23.0,0.2333984375
LightGBM,20,9,12,-0.17593373685690636,-0.299756494879625,-0.054642779917669984,-0.14961890876075223,13.0,0.04248046875
LightGBM,30,11,12,-0.16454989843444578,-0.29045333077208424,-0.060416795683680115,-0.06982951085236078,3.0,0.00244140625
LightGBM,50,11,12,-0.20082059210199468,-0.32867858646833414,-0.0804877015659925,-0.17662832700522868,8.0,0.01220703125
Ridge,5,3,12,0.5296915447668631,0.02693222445959435,1.0123957244149453,0.770792608037457,17.0,0.09228515625
Ridge,10,5,12,0.19873625588592372,-0.29456916999066574,0.6819711222631666,0.12895278977697533,30.0,0.5185546875
Ridge,20,6,12,-0.15153833650548099,-0.45773191264144164,0.13710415144906132,-0.09976374687154,29.0,0.4697265625
Ridge,30,8,12,-0.26110693141459523,-0.5325701455123945,-0.024329390628726633,-0.15899681037389968,18.0,0.10986328125
Ridge,50,8,12,-0.35180594420289446,-0.6447345143433343,-0.08720671662389341,-0.3000656342282557,14.0,0.05224609375
