model,from_level,to_level,n_patients,mean_diff,diff_ci_lo,diff_ci_hi,median_diff,W,p
LightGBM,0,5,12,0.09012390468690623,-0.0848632045622109,0.2782445435768995,0.02981657373044566,28.0,0.423828125
LightGBM,5,10,12,-0.15312346803392426,-0.25710317545933387,-0.048342098414842175,-0.1619145766930803,11.0,0.02685546875
LightGBM,10,20,12,-0.11293417350988832,-0.2538619635085227,-0.021707665105965796,-0.04568127743438222,6.0,0.0068359375
LightGBM,20,30,12,0.011383838422460565,-0.04977704588159832,0.07385638678921513,-0.014090233494211901,38.0,0.9697265625
LightGBM,30,50,12,-0.036270693667548905,-0.11595926681024213,0.034768498847200055,-0.03713811441157766,28.0,0.423828125
Ridge,0,5,12,0.5296915447668631,0.02693222445959435,1.0123957244149453,0.770792608037457,17.0,0.09228515625
Ridge,5,10,12,-0.33095528888093934,-0.6144550194756884,-0.04827257249745188,-0.36660269145038704,16.0,0.0771484375
Ridge,10,20,12,-0.35027459239140474,-0.6730754294797772,-0.08854999857849263,-0.23298732202019856,10.0,0.02099609375
Ridge,20,30,12,-0.10956859490911423,-0.2571887770354932,0.03427319856128044,-0.12977996118261004,21.0,0.17626953125
Ridge,30,50,12,-0.09069901278829924,-0.17845492832645526,-0.007610010610313847,-0.122869161310732,16.0,0.0771484375
