analysis,model,n,MARD_mean,MARD_sd,MARD_ci_lo,MARD_ci_hi,RMSE_mean,RMSE_sd,RMSE_ci_lo,RMSE_ci_hi,EGA_A+B_mean,EGA_A+B_sd,EGA_A+B_ci_lo,EGA_A+B_ci_hi
MAIN,Persistence,19,13.033134582380606,1.9983684648334523,12.186066976100602,13.89419623534254,24.440734919681045,6.09016474303662,21.75838672917674,26.998625296030824,97.89259541315418,0.7533589491488386,97.55845930483264,98.21242522810583
MAIN,Ridge,19,12.224061421193312,1.487200270096525,11.559030948853664,12.836576091304472,21.981164570259146,4.726899151482449,19.90163678446424,24.036043882409608,98.03731908496097,1.086052432178971,97.51578759001671,98.49216755624121
MAIN,RandomForest,19,13.242414256908171,1.846077433821784,12.455651332049063,14.106459668021225,22.049888314560167,4.214366833799005,20.251209899847744,23.858916315118908,95.53457831515881,2.1680970909009787,94.47101351295767,96.41101483948532
MAIN,MLP,19,14.213608090402015,2.1334153800029103,13.279441115326138,15.22561277437782,23.80919218126071,4.249050447405762,22.074459651898056,25.576083445910562,95.59720534711393,2.253953447927789,94.49089734489438,96.48279958498529
MAIN,LightGBM,19,13.376561355283338,1.9238173127626534,12.547788505325112,14.26432312901557,21.95056165728066,4.162461842986827,20.206930622122556,23.716924354909693,95.73624351255023,2.02341672010778,94.73805381488418,96.54592724736918
MAIN,Stacking,19,12.825068522283216,1.8359696778170103,12.035887731250794,13.694207777548476,21.455162736347905,4.119696659657392,19.726031684903212,23.22629792818617,96.23065772887264,1.8467096144622153,95.31695231194007,96.9760006796265
ALL,Persistence,23,13.15627151752075,1.846473938346021,12.418870201012119,13.878176713778727,24.972749718521463,5.669816106244995,22.577839398960617,27.19449608631338,97.88988129401685,0.7309612634492562,97.59735349324201,98.17513512619668
ALL,Ridge,23,12.19714561042202,1.4388582116620976,11.608520336696518,12.759302637403122,22.30081681103586,4.423958906245125,20.531976248236745,24.072488989759186,98.10007374521628,1.0945132279401792,97.6412075241913,98.5132598161425
ALL,RandomForest,23,13.366258859828028,1.9303968837725336,12.603299180020215,14.153906610764992,22.51124092413458,3.9871048247491516,20.91072319767623,24.122865140848614,95.53943825069635,2.2599218116423874,94.57911826045914,96.38943125919752
ALL,MLP,23,14.345426945383823,2.252388252744418,13.465096591503201,15.303194182449595,24.220035450912793,3.9719017517993054,22.68354508445508,25.8213877196967,95.60570670988545,2.388698025267832,94.57852245302271,96.4865227582272
ALL,LightGBM,23,13.493115095034977,2.0015695839355763,12.700873541575914,14.307584042105958,22.455079523779936,3.9620275746421676,20.858423589395752,24.069290545854095,95.82041383192256,2.028606094684851,94.9753023732611,96.5851478829108
ALL,Stacking,23,12.909978102630388,1.8757549772452857,12.173684232932832,13.674915514963937,21.908855320009238,3.904958050216122,20.3386136816199,23.49460983614917,96.31274806694293,1.8215181094562396,95.5556446492737,96.98965115721042
