analysis,model,n_beats_persistence,n_patients,mean_diff,diff_ci_lo,diff_ci_hi,median_diff,W,p
MAIN,Ridge,13,19,-0.8090731611872946,-1.4292915113977542,-0.1863575081250292,-0.6998895877556013,43.0,0.036067962646484375
MAIN,RandomForest,11,19,0.20927967452756538,-0.4914602320586716,1.027768559114555,-0.20359247674833547,89.0,0.8287849426269531
MAIN,MLP,4,19,1.1804735080214095,0.3171121842220297,2.243671859380368,0.5710077065113968,35.0,0.014068603515625
MAIN,LightGBM,10,19,0.3434267729027332,-0.38288049052948375,1.2353843471443053,-0.0813944256870176,93.0,0.9529838562011719
MAIN,Stacking,13,19,-0.2080660600973905,-0.9228973724509558,0.6377026957172138,-0.5777022429698473,61.0,0.18186569213867188
ALL,Ridge,17,23,-0.9591259070987352,-1.4998828515829299,-0.43592583388589823,-1.056211296299976,47.0,0.004338979721069336
ALL,RandomForest,14,23,0.2099873423072734,-0.4174292353499305,0.9294301357017586,-0.25489046383184544,127.0,0.7539846897125244
ALL,MLP,5,23,1.1891554278630694,0.4060756033143468,2.1662731504443613,0.26634808910292485,54.0,0.00914621353149414
ALL,LightGBM,13,23,0.33684357751422367,-0.31354171001101594,1.1066257546146134,-0.1276715753429407,130.0,0.8229274749755859
ALL,Stacking,16,23,-0.24629341489036652,-0.8804602975528835,0.46992386113228474,-0.689955961158569,92.0,0.16952300071716309
