comparison,model,n_ohio,n_hupa,ohio_mean,hupa_mean,U,p
Ohio LOSO vs HUPA MAIN,Persistence,12,19,12.114547639536802,13.033134582380606,85.0,0.24775167085335537
Ohio LOSO vs HUPA MAIN,Ridge,12,19,10.70393923349116,12.224061421193312,52.0,0.012625762842686019
Ohio LOSO vs HUPA MAIN,RandomForest,12,19,10.128674087574694,13.242414256908171,22.0,0.0002065930401471769
Ohio LOSO vs HUPA MAIN,MLP,12,19,10.03126723340072,14.213608090402015,7.0,1.566346084319781e-05
Ohio LOSO vs HUPA MAIN,LightGBM,12,19,10.032830234491827,13.376561355283338,17.0,9.093331308867276e-05
Ohio LOSO vs HUPA MAIN,Stacking,12,19,10.028726239945842,12.825068522283216,27.0,0.00045142417011836673
Ohio LOSO vs HUPA ALL,Persistence,12,23,12.114547639536802,13.15627151752075,96.0,0.14923899550533257
Ohio LOSO vs HUPA ALL,Ridge,12,23,10.70393923349116,12.19714561042202,64.0,0.010640105654132148
Ohio LOSO vs HUPA ALL,RandomForest,12,23,10.128674087574694,13.366258859828028,24.0,8.000080723968706e-05
Ohio LOSO vs HUPA ALL,MLP,12,23,10.03126723340072,14.345426945383823,7.0,5.755205974946045e-06
Ohio LOSO vs HUPA ALL,LightGBM,12,23,10.032830234491827,13.493115095034977,19.0,3.819100443997641e-05
Ohio LOSO vs HUPA ALL,Stacking,12,23,10.028726239945842,12.909978102630388,30.0,0.00018705744527522836
