metric,model,ohio_A,ohio_B,ohio_C,hupa_main,eval_rule_effect,eval_rule_ci_lo,eval_rule_ci_hi,eval_rule_p,sampling_effect,sampling_ci_lo,sampling_ci_hi,sampling_p,n_ohio_patients,remaining_effect,remaining_ci_lo,remaining_ci_hi,remaining_mannwhitney_p,n_hupa_patients,total_gap
MARD,Persistence,12.114547639536802,12.139840581417921,12.13564986963942,13.033134582380606,0.02529294188111904,-0.011386107871318347,0.06651633814803876,0.2333984375,-0.004190711778501536,-0.04175599644578193,0.03559107802304052,0.5185546875,12,0.8974847127411856,-0.4740746731385156,2.278858163158453,0.26473376454295094,19,0.9185869428438043
MARD,Ridge,10.70393923349115,10.682863603478596,11.867019090841994,12.224061421193312,-0.02107563001255497,-0.05774496142709565,0.015214715028425306,0.5693359375,1.184155487363398,0.893012894326408,1.5043680750629205,0.00048828125,12,0.3570423303513177,-0.7475408648539605,1.4511003733911862,0.6121955564360394,19,1.520122187702162
MARD,RandomForest,10.128674087574696,10.081269225489025,11.489576282263743,13.242414256908171,-0.04740486208566996,-0.08537502390866213,-0.009441006972444455,0.05224609375,1.408307056774716,1.2029828160725458,1.6094881055298724,0.00048828125,12,1.7528379746444287,0.5159343779915685,3.0275983855136204,0.01581992530716416,19,3.113740169333475
MARD,MLP,10.03126723340072,9.96871301686991,11.722958078568913,14.213608090402015,-0.06255421653081283,-0.10836295601492361,-0.018266581146451966,0.02099609375,1.7542450616990017,1.511638744934505,1.9831264094786645,0.00048828125,12,2.490650011833102,1.1296396479111297,3.8808217527560966,0.004823400586368723,19,4.182340857001295
MARD,LightGBM,10.024184775543898,9.973654182818281,11.568134527684764,13.376561355283338,-0.05053059272561574,-0.09105834366375877,-0.010069794622279379,0.06396484375,1.5944803448664835,1.3799075498740478,1.8178442059900743,0.00048828125,12,1.8084268275985735,0.5304469223570827,3.130561375455432,0.014143460391678212,19,3.35237657973944
MARD,Stacking,10.027041348901486,9.982461319068019,11.269552411225616,12.825068522283216,-0.04458002983346687,-0.08363069869596881,-0.005932523989562476,0.09228515625,1.2870910921575973,1.1535499211735192,1.4064130416092517,0.00048828125,12,1.5555161110575995,0.374594793705099,2.796131244347848,0.027086646966596097,19,2.7980271733817297
RMSE,Persistence,24.81666323597524,24.66135381991435,24.663006377788776,24.440734919681045,-0.15530941606088966,-0.3194531245615894,-0.008144904631569855,0.20361328125,0.001652557874430786,-0.09415412409829746,0.08746926424520667,0.9697265625,12,-0.22227145810773052,-3.3986731493499196,2.8569075500995296,0.730304490023537,19,-0.3759283162941962
RMSE,Ridge,21.656629484088203,21.444151594866838,25.079190603388298,21.981164570259146,-0.2124778892213627,-0.3866185483139692,-0.05782755023427849,0.02685546875,3.6350390085214577,2.9510637838044054,4.413959162490271,0.00048828125,12,-3.098026033129152,-6.07473339955829,-0.2844535813865391,0.07111955592245002,19,0.3245350861709433
RMSE,RandomForest,20.58277285247785,20.341132055658495,22.356423920009096,22.049888314560167,-0.24164079681935244,-0.409383596572737,-0.0815327357050616,0.0068359375,2.015291864350599,1.7298569521481628,2.3133077286698187,0.00048828125,12,-0.30653560544892855,-2.6147929954981524,2.0364471939450435,0.6121955564360394,19,1.4671154620823188
RMSE,MLP,20.5320580420839,20.281461158619344,22.96351618756924,23.80919218126071,-0.25059688346455616,-0.4088764227181385,-0.09515767506305614,0.0068359375,2.6820550289498946,2.347406849656317,3.006441480557072,0.00048828125,12,0.8456759936914686,-1.5568165145798347,3.2130666893626834,0.7610020628652122,19,3.277134139176809
RMSE,LightGBM,20.325447981173024,20.077543973057274,22.37496745052513,21.95056165728066,-0.24790400811575206,-0.412265022773574,-0.09167101450924356,0.0048828125,2.2974234774678557,1.9761525948000722,2.634842951720033,0.00048828125,12,-0.42440579324447114,-2.7607520284227958,1.939690223654261,0.5296057170958974,19,1.6251136761076346
RMSE,Stacking,20.421662275397075,20.177853402071968,22.15537874894373,21.455162736347905,-0.24380887332510368,-0.4109441611158553,-0.08561355787344316,0.0068359375,1.9775253468717595,1.7700699088237197,2.1947623382805626,0.00048828125,12,-0.7002160125958241,-2.9900804601527553,1.591113092114584,0.4290435348177054,19,1.0335004609508296
