dataset,model,range,n_points,n_patients_with_points,MARD,MARD_ci_lo,MARD_ci_hi,RMSE,RMSE_ci_lo,RMSE_ci_hi
Ohio LOSO,Persistence,<70,5536,12,24.019869200093037,20.005651129337135,29.1469169199259,21.68541920437242,18.2238408163504,26.172264266421855
Ohio LOSO,Persistence,70-180,106187,12,13.002533011940027,12.024358874751512,13.969645594013821,22.76132486753124,21.19344090195486,24.151880575215223
Ohio LOSO,Persistence,>180,56486,12,9.289470980702733,8.210260995992194,10.264806941677456,29.07685558629732,26.088125189577152,31.696976678099954
Ohio LOSO,Ridge,<70,5536,12,26.993953850427026,24.400909701693635,30.909016265995454,21.384035120804736,18.452298441266468,25.334167246574946
Ohio LOSO,Ridge,70-180,106187,12,11.309449537312188,10.468765505187706,12.150369993903352,19.38696229580082,17.98910549981816,20.720488053197375
Ohio LOSO,Ridge,>180,56486,12,7.974721341077639,7.333820537908008,8.566396299743227,25.955303143347106,23.71535168014439,28.04163308124161
Ohio LOSO,RandomForest,<70,5536,12,32.59467504643594,28.651399720075997,37.447010036639874,24.00736979442048,20.83102160187065,27.97680077826282
Ohio LOSO,RandomForest,70-180,106187,12,10.331738577159335,9.581073718935503,11.08772118540731,18.16553613477621,16.832762306460662,19.424277955457928
Ohio LOSO,RandomForest,>180,56486,12,7.5758458338412895,6.876894696228442,8.177553739308763,24.713791355839014,22.501824298165314,26.709670104826856
Ohio LOSO,MLP,<70,5536,12,30.262008813076893,25.30473739802005,36.25832431562102,23.225685255024445,19.645492987940465,27.693553544992
Ohio LOSO,MLP,70-180,106187,12,10.3260131875155,9.624952839263477,11.034159628673972,18.16398477427342,16.88828318317418,19.459037818170124
Ohio LOSO,MLP,>180,56486,12,7.508832287561804,6.715800611797047,8.19391387847806,24.70690894823759,22.135224408633633,26.987772560899803
Ohio LOSO,LightGBM,<70,5536,12,33.13456556970256,29.406215518083435,37.68313426004766,23.80503113916503,20.721253716406828,27.668642433832225
Ohio LOSO,LightGBM,70-180,106187,12,10.20941966080412,9.484668733424288,10.937983531236856,17.93159493641703,16.65497795732999,19.168784172989465
Ohio LOSO,LightGBM,>180,56486,12,7.468014405113774,6.775374753722301,8.066564601789683,24.442986467460354,22.194750586938422,26.478848174801254
Ohio LOSO,Stacking,<70,5536,12,32.26837358981429,28.767403653988268,36.599988184288975,23.32293954819326,20.338762048249844,27.124195969835345
Ohio LOSO,Stacking,70-180,106187,12,10.2215397315552,9.467215239535333,10.97345919966696,18.056457972357258,16.738357982189758,19.308400791616005
Ohio LOSO,Stacking,>180,56486,12,7.518845066554742,6.813902668800398,8.129017396993694,24.535423033461928,22.285331148438818,26.558639357094837
HUPA MAIN,Persistence,<70,6600,19,15.919280926133876,14.862008049260105,19.284903827448108,14.740734120939921,12.793263174049073,16.722213002557556
HUPA MAIN,Persistence,70-180,73678,19,11.635306812278678,10.96982958876807,14.68398827529634,19.368747387558813,18.041419482763025,24.369024968214767
HUPA MAIN,Persistence,>180,19990,19,8.820571923577884,7.998831130680915,10.567009540649595,26.69682397224626,23.335039656660776,32.6584470826669
HUPA MAIN,Ridge,<70,6600,19,21.834854878049597,21.27478519479021,22.954624197988686,16.106654291403572,14.144739101835299,17.121186960837505
HUPA MAIN,Ridge,70-180,73678,19,11.28563109052131,10.838228687221964,13.19785221328922,18.166444467188743,17.142131072545254,21.967609897008543
HUPA MAIN,Ridge,>180,19990,19,7.4000095130123436,6.696066191664208,8.890845651816933,22.760723600895428,19.91233581680545,27.97212355812795
HUPA MAIN,RandomForest,<70,6600,19,30.88473624537869,29.824363427585393,35.77810877376289,21.83301146725128,20.373041539794144,23.874800769052687
HUPA MAIN,RandomForest,70-180,73678,19,11.299126994416735,10.889012457908434,13.31578540950235,17.796216344422604,17.038178459699722,20.995444691040312
HUPA MAIN,RandomForest,>180,19990,19,7.179325326989931,6.500461370207042,8.722039826320389,22.269822792448718,19.30256823357801,27.648253321250856
HUPA MAIN,MLP,<70,6600,19,33.045479485843344,30.879452457016942,39.96553864982256,24.03474508803327,22.79710235815955,28.33170317874593
HUPA MAIN,MLP,70-180,73678,19,12.016412195995388,11.58580454576495,14.209771284015469,19.053046842169653,18.225263640815104,22.762080294928687
HUPA MAIN,MLP,>180,19990,19,7.513549053052295,6.819874770021767,9.08090010226599,23.20680357378428,20.239407813251077,28.764645906425297
HUPA MAIN,LightGBM,<70,6600,19,31.572126437802112,29.835521403379072,37.017361414350475,21.6045566164035,20.534177264757712,23.973928357459517
HUPA MAIN,LightGBM,70-180,73678,19,11.350029422206276,10.906631378366564,13.485581175443224,17.894537561212072,17.047236921671562,21.447582975017866
HUPA MAIN,LightGBM,>180,19990,19,7.037565323873801,6.401350363379793,8.4918222805786,21.581266660722733,18.86817439876703,26.664415446255415
HUPA MAIN,Stacking,<70,6600,19,28.95834463004413,27.185971484571624,33.87001758085213,19.773663689017514,18.85749755742279,21.651807730328667
HUPA MAIN,Stacking,70-180,73678,19,10.942901570017428,10.528021509131968,12.934817958184563,17.456959808009938,16.639010185101142,20.819694356057823
HUPA MAIN,Stacking,>180,19990,19,7.064567584195666,6.439926785097562,8.4880662073684,21.658225840950706,18.966775961363336,26.64865706074997
