patient,reference,n_preprocessed,n_inside_raw_range,pct_timestamp_within_2min_of_raw,pct_within_1_of_linear_interp,pct_within_1_of_last_earlier,pct_needs_future_reading,pct_in_gaps_over_30min,median_abs_diff_to_interp
HUPA0001P,raw Libre type-0,4096,4001,32.3486328125,11.747063234191451,10.697325668582854,5.098725318670332,0.17495626093476632,9.533333333333331
HUPA0002P,raw Libre type-0,3181,3177,32.91417793146809,41.01353478124016,25.495750708215297,18.350645262826564,0.7869058860560277,1.4666666666666686
HUPA0003P,raw Libre type-0,3770,3768,33.183023872679044,32.696390658174096,17.940552016985137,17.807855626326962,0.0,2.0666666666666558
HUPA0004P,raw Libre type-0,3184,3181,28.360552763819097,28.481609556743166,15.906947500785918,14.74379126060987,15.5297076391072,2.933333333333337
HUPA0005P,raw Libre type-0,3858,3841,33.022291342664595,31.528247852121844,19.08357198646186,15.907315803176255,0.0,2.1999999999999886
HUPA0006P,raw Libre type-0,2290,2281,31.746724890829693,35.992985532661116,20.254274441034635,18.149934239368697,4.910127137220517,1.8666666666666742
HUPA0007P,raw Libre type-0,3857,3845,33.108633653098266,24.993498049414825,15.578673602080626,13.62808842652796,0.0,3.0
HUPA0011P,raw Libre type-0,3839,3835,33.26387079968742,27.535853976531943,16.192959582790092,14.471968709256844,0.0,2.666666666666657
HUPA0014P,raw Libre type-0,3829,3825,28.0490989814573,31.267973856209153,15.529411764705884,18.065359477124183,16.836601307189543,2.1333333333333258
HUPA0015P,raw Libre type-0,3792,3789,32.199367088607595,38.34784903668514,19.08155186064925,21.140142517814727,3.351807864871998,1.7333333333333485
HUPA0016P,raw Libre type-0,3835,3831,28.42242503259452,32.75907073871052,17.17567214826416,18.376403027930046,15.296267293134951,1.9999999999999858
HUPA0017P,raw Libre type-0,3599,3578,30.89747151986663,36.975964225824484,19.75964225824483,19.95528228060369,7.2386808272778085,2.0
HUPA0018P,raw Libre type-0,3895,3893,32.657252888318354,36.09041870023118,20.85795016696635,17.159003339326997,1.2072951451322886,1.8666666666666671
HUPA0019P,raw Libre type-0,3711,3706,33.225545675020214,24.878575283324338,21.77549919050189,11.359956826767405,0.0,2.933333333333337
HUPA0020P,raw Libre type-0,2862,2857,33.05380852550664,32.7966398319916,17.50087504375219,18.340917045852294,0.0,2.2000000000000455
HUPA0021P,raw Libre type-0,2343,2338,33.11993171148101,33.31907613344739,17.4508126603935,18.306244653550046,0.0,2.0
HUPA0022P,raw Libre type-0,4023,3907,32.1899080288342,43.35807524955209,25.390325057588942,19.836191451241362,0.38392628615305857,1.3333333333333286
HUPA0023P,raw Libre type-0,3919,3914,33.120694054605764,41.18548799182422,23.12212570260603,21.180378129790494,0.22994379151762903,1.4666666666666757
HUPA0024P,raw Libre type-0,2902,2898,33.04617505168849,37.78467908902691,20.358868184955142,20.117322291235336,0.0,1.6666666666666856
HUPA0025P,raw Libre type-0,4006,4000,33.02546180728906,40.050000000000004,23.974999999999998,19.400000000000002,0.525,1.4666666666666828
HUPA0026P,raw Libre type-0,40605,40578,27.457209703238515,33.10168071368722,18.221696485780473,17.332051850756567,18.128049682093746,2.2666666666666657
HUPA0027P,raw Libre type-0,165306,165301,31.203344101242543,36.84672204039903,22.045843642809178,17.273337729354328,6.33450493342448,1.7999999999999972
HUPA0028P,raw Libre type-0,25902,19007,21.990579878001697,41.5794181091177,23.717577734518862,19.84005892565897,10.611879833745462,1.4000000000000057
HUPA0001P,Medtronic sensor glucose,4096,4095,82.7392578125,19.87789987789988,16.678876678876676,3.9560439560439558,17.36263736263736,4.400000000000006
