file,n_heart_rate_elements,n_basis_heart_rate_events
540-ws-testing.xml,0,0
540-ws-training.xml,0,0
544-ws-testing.xml,0,0
544-ws-training.xml,0,0
552-ws-testing.xml,0,0
552-ws-training.xml,0,0
559-ws-testing.xml,0,2633
559-ws-training.xml,0,11979
563-ws-testing.xml,0,2706
563-ws-training.xml,0,11966
567-ws-testing.xml,0,0
567-ws-training.xml,0,0
570-ws-testing.xml,0,2720
570-ws-training.xml,0,12328
575-ws-testing.xml,0,2698
575-ws-training.xml,0,12446
584-ws-testing.xml,0,0
584-ws-training.xml,0,0
588-ws-testing.xml,0,2620
588-ws-training.xml,0,12980
591-ws-testing.xml,0,2668
591-ws-training.xml,0,12276
596-ws-testing.xml,0,0
596-ws-training.xml,0,0
