n,feature
1,glucose
2,bolus
3,carbs
4,heart_rate
5,iob
6,glucose_diff1
7,glucose_diff2
8,glucose_roll_mean_30
9,glucose_roll_std_30
10,hour_sin
11,hour_cos
12,glucose_lag_1
13,glucose_lag_2
14,glucose_lag_3
15,glucose_lag_4
16,glucose_lag_5
17,glucose_lag_6
18,glucose_lag_7
19,glucose_lag_8
20,glucose_lag_9
21,glucose_lag_10
22,glucose_lag_11
23,glucose_lag_12
24,glucose_diff1_lag_1
25,glucose_diff1_lag_2
26,glucose_diff1_lag_3
27,glucose_diff1_lag_4
28,glucose_diff1_lag_5
29,glucose_diff1_lag_6
30,glucose_diff1_lag_7
31,glucose_diff1_lag_8
32,glucose_diff1_lag_9
33,glucose_diff1_lag_10
34,glucose_diff1_lag_11
35,glucose_diff1_lag_12
36,iob_lag_1
37,iob_lag_2
38,iob_lag_3
39,iob_lag_4
40,iob_lag_5
41,iob_lag_6
42,iob_lag_7
43,iob_lag_8
44,iob_lag_9
45,iob_lag_10
46,iob_lag_11
47,iob_lag_12
