patient,offset,n_kept,n_raw,median_interval_min
540,0,4960,14843,15.0
540,1,4960,14843,15.0
540,2,4960,14843,15.0
544,0,4455,13339,15.0
544,1,4455,13339,15.0
544,2,4455,13339,15.0
552,0,3839,11444,15.0
552,1,3839,11444,15.0
552,2,3838,11444,15.0
559,0,4458,13310,15.0
559,1,4458,13310,15.0
559,2,4458,13310,15.0
563,0,4908,14694,15.0
563,1,4907,14694,15.0
563,2,4907,14694,15.0
567,0,4447,13247,15.0
567,1,4447,13247,15.0
567,2,4447,13247,15.0
570,0,4587,13727,15.0
570,1,4586,13727,15.0
570,2,4586,13727,15.0
575,0,4855,14456,15.0
575,1,4855,14456,15.0
575,2,4855,14456,15.0
584,0,4967,14815,15.0
584,1,4967,14815,15.0
584,2,4967,14815,15.0
588,0,5147,15431,15.0
588,1,5147,15431,15.0
588,2,5146,15431,15.0
591,0,4547,13607,15.0
591,1,4546,13607,15.0
591,2,4546,13607,15.0
596,0,4551,13620,15.0
596,1,4551,13620,15.0
596,2,4550,13620,15.0
