patient,condition,offset,model,MARD,RMSE,MAE,R2,EGA_A,EGA_B,EGA_A+B,n_samples,persistence_mismatches,n_removed_nonfinite
540,A,,Persistence,15.062798180160303,26.812805608074168,19.589722948950158,0.787569701657687,73.37492453209902,24.216810894210774,97.59173542630978,14907,0,0
540,A,,Ridge,13.198350838441138,22.086975669712363,16.508814243648903,0.8558533859492373,79.46602267391158,17.850674179915476,97.31669685382705,14907,0,0
540,A,,RandomForest,12.242406848828468,20.74313447860745,15.23716106784682,0.8728604395329274,81.27725229757831,15.6369490843228,96.91420138190111,14907,0,0
540,A,,MLP,11.545930398621486,20.078224093235427,14.647854382637579,0.8808805898956107,83.0146910847253,14.932582008452405,97.9472730931777,14907,0,0
540,A,,LightGBM,12.107702658321541,20.37168492841728,15.011628503610892,0.8773730740778118,81.92124505265983,15.066747165761052,96.98799221842089,14907,0,0
540,A,,Stacking,12.202876348062558,20.6906459576224,15.207571017081987,0.8735030544988471,81.52545783859932,15.569866505668477,97.0953243442678,14907,0,0
540,B,,Persistence,15.10921929521595,26.86240244418589,19.646978490952545,0.786594876867493,73.29463980880847,24.254011608057358,97.54865141686582,14645,0,1
540,B,,Ridge,13.223959762251052,22.093006781686988,16.52918598502983,0.8556473402497805,79.39228405599181,17.87640833048822,97.26869238648003,14645,0,1
540,B,,RandomForest,12.236420009579204,20.70556835783559,15.219594767322993,0.8732087011028402,81.28371457835439,15.575281666097645,96.85899624445204,14645,0,1
540,B,,MLP,11.530897887406018,20.040219113469057,14.61862650248433,0.8812263590116014,83.05223625810856,14.85831341754865,97.91054967565722,14645,0,1
540,B,,LightGBM,12.108096741420331,20.33508585470313,14.998268405965375,0.8777054342525097,81.92557186753159,15.00853533629225,96.93410720382384,14645,0,1
540,B,,Stacking,12.204171820395992,20.66096576241825,15.198297671600596,0.8737543639751612,81.52953226357118,15.513827244793445,97.04335950836463,14645,0,1
540,C,0.0,Persistence,15.098699706173244,26.829387845217674,19.62212263190059,0.7862944720281255,73.27357914035446,24.20044815644734,97.4740272968018,4909,0,0
540,C,0.0,Ridge,14.227155704359179,24.955675505327374,17.93242830802704,0.8151017124901166,76.89957221430026,21.28743124872683,98.1870034630271,4909,0,0
540,C,0.0,RandomForest,14.264459946712938,23.282008351440435,17.25378667944377,0.8390707044062291,76.6958647382359,19.250356488083114,95.94622122631901,4909,0,0
540,C,0.0,MLP,13.738878944486318,23.240459413149694,16.950484501902288,0.8396445788743193,78.5699735180281,18.33367284579344,96.90364636382155,4909,0,0
540,C,0.0,LightGBM,14.36950067188735,23.338810155194217,17.28715017201532,0.8382844985941788,76.39030352413934,19.820737421063352,96.2110409452027,4909,0,0
540,C,0.0,Stacking,13.740640917011824,22.834749375511876,16.815742322767868,0.8451943783752589,77.77551436137706,18.90405377877368,96.67956814015074,4909,0,0
540,C,1.0,Persistence,15.117357455182749,26.842011534430572,19.642085964554898,0.7861068626559892,73.25320839274801,24.118965166021592,97.3721735587696,4909,0,0
540,C,1.0,Ridge,14.242231455276954,24.986347271952898,17.955059090547817,0.8146586693090355,76.77734772866164,21.43002648197189,98.20737421063353,4909,0,0
540,C,1.0,RandomForest,14.248138634034294,23.26921243881988,17.240474001154233,0.8392577280140538,76.65512324302301,19.27072723568955,95.92585047871256,4909,0,0
540,C,1.0,MLP,13.73301198390266,23.21183321240505,16.946325683708825,0.840049494858758,78.48849052760237,18.41515583621919,96.90364636382155,4909,0,0
540,C,1.0,LightGBM,14.366391474775059,23.33146235125668,17.28932543672076,0.838396540581084,76.22733754328785,19.942961906701974,96.17029944998981,4909,0,0
540,C,1.0,Stacking,13.740039923954125,22.83035253436214,16.821675255603676,0.8452637852241155,77.69403137095131,18.98553676919943,96.67956814015074,4909,0,0
540,C,2.0,Persistence,15.108236606155852,26.83208311810918,19.63801181503361,0.7862405359431273,73.17172540232227,24.241189651660218,97.41291505398249,4909,0,0
540,C,2.0,Ridge,14.235201366037096,24.95406847158276,17.94467182061768,0.8151160140633219,76.87920146669383,21.34854349154614,98.22774495823997,4909,0,0
540,C,2.0,RandomForest,14.257813982146134,23.265097033970545,17.25751026935032,0.8392961404239185,76.61438174781014,19.3522102261153,95.96659197392545,4909,0,0
540,C,2.0,MLP,13.73151479621097,23.21018850304732,16.950569571430023,0.8400538075804034,78.36626604196374,18.537380321857814,96.90364636382155,4909,0,0
540,C,2.0,LightGBM,14.378467295033925,23.33261145948381,17.302983303001472,0.8383620741153971,76.24770829089428,19.983703401914852,96.23141169280913,4909,0,0
540,C,2.0,Stacking,13.741024408950567,22.82513796926091,16.823383690648253,0.8453167125471606,77.71440211855776,18.98553676919943,96.69993888775718,4909,0,0
544,A,,Persistence,10.824378834147645,23.49642302439551,17.33109168347904,0.8407336780566694,85.27983262347755,14.114921915863409,99.39475453934095,13383,0,0
544,A,,Ridge,9.83610817149976,20.601343513888352,15.02483955804058,0.8775633232693285,88.13420010461033,10.999028618396473,99.1332287230068,13383,0,0
544,A,,RandomForest,8.659277090825519,18.806229074787336,13.517686883306798,0.8979709390937123,91.25009340207727,7.980273481282223,99.2303668833595,13383,0,0
544,A,,MLP,8.75239738727317,19.135874191449886,13.666398427585232,0.8943627566098689,90.83912426212359,8.45849211686468,99.29761637898827,13383,0,0
544,A,,LightGBM,8.651403224720015,18.80993716533749,13.48763993589104,0.897930700267129,91.0857057460958,8.122244638720765,99.20795038481657,13383,0,0
544,A,,Stacking,8.681996456328635,18.84001872889392,13.553884654491535,0.8976039730427562,91.17537174026751,8.054995143091983,99.2303668833595,13383,0,0
544,B,,Persistence,10.87271380247099,23.48417190521171,17.4061102266697,0.8418430318368761,85.23993632021833,14.168751421423698,99.40868774164203,13191,0,0
544,B,,Ridge,9.859695184487384,20.57083841277558,15.055082479844575,0.8786494315696799,88.11310742172694,11.030247896292927,99.14335531801987,13191,0,0
544,B,,RandomForest,8.679554870877823,18.756495380981615,13.543993411691082,0.8991116037576855,91.23644909407929,8.005458267000227,99.24190736107951,13191,0,0
544,B,,MLP,8.770071351845038,19.078539101436956,13.686939369592395,0.8956174114856768,90.82707906906224,8.483056629520128,99.31013569858237,13191,0,0
544,B,,LightGBM,8.673206584315599,18.761063984869516,13.515710749148713,0.8990624500918194,91.06966871351679,8.149495868395118,99.21916458191191,13191,0,0
544,B,,Stacking,8.702937552039982,18.78712977695162,13.580620246984498,0.8987817789208523,91.17580168296566,8.066105678113866,99.24190736107953,13191,0,0
544,C,0.0,Persistence,10.791264999208142,23.115837896135584,17.14127553407142,0.8410981351222013,85.57617339778575,13.86246686418213,99.43864026196788,6413,0,0
544,C,0.0,Ridge,10.433908821269897,22.125305480968546,15.916870154962107,0.8544245085365845,86.54295961328552,12.56822080149696,99.11118041478248,6413,0,0
544,C,0.0,RandomForest,9.836828092060589,20.496042098140673,15.052903391418486,0.8750748951818856,88.21144550132543,10.75939497894901,98.97084048027443,6413,0,0
544,C,0.0,MLP,9.908011515237906,21.01498305426394,15.233915147547638,0.8686688334396431,87.88398565414003,11.242788086698893,99.12677374083893,6413,0,0
544,C,0.0,LightGBM,9.885315193724034,20.50523322446434,15.103848369549619,0.8749628286804118,88.18025884921254,10.821768283174801,99.00202713238734,6413,0,0
544,C,0.0,Stacking,9.760639220902442,20.370576945422666,14.977151090067947,0.8765996553654106,88.53890534851084,10.572275066271636,99.11118041478247,6413,0,0
544,C,1.0,Persistence,10.790712948922994,23.115466877866773,17.1400280679869,0.8410986845328545,85.57617339778575,13.86246686418213,99.43864026196788,6413,0,0
544,C,1.0,Ridge,10.43413075038379,22.123692343005604,15.91738290128474,0.854441566101492,86.54295961328552,12.56822080149696,99.11118041478248,6413,0,0
544,C,1.0,RandomForest,9.83696625460819,20.49678726243429,15.053348829605927,0.8750622327359816,88.21144550132543,10.75939497894901,98.97084048027443,6413,0,0
544,C,1.0,MLP,9.907838921683723,21.01584748088022,15.233275801753352,0.8686542667649733,87.88398565414003,11.242788086698893,99.12677374083893,6413,0,0
544,C,1.0,LightGBM,9.885455274390438,20.505813638011805,15.10438923702832,0.8749521683134234,88.18025884921254,10.821768283174801,99.00202713238734,6413,0,0
544,C,1.0,Stacking,9.760485252648147,20.370735701370602,14.977148847003576,0.8765941972205189,88.53890534851084,10.572275066271636,99.11118041478247,6413,0,0
544,C,2.0,Persistence,10.79220269563858,23.116343820541832,17.142834866677063,0.8410877759581514,85.57617339778575,13.86246686418213,99.43864026196788,6413,0,0
544,C,2.0,Ridge,10.433177460402296,22.124603313884887,15.916171041358396,0.8544306306233835,86.54295961328552,12.56822080149696,99.11118041478248,6413,0,0
544,C,2.0,RandomForest,9.837640327123685,20.497217489553908,15.054642212917617,0.8750578906201721,88.21144550132543,10.75939497894901,98.97084048027443,6413,0,0
544,C,2.0,MLP,9.908805168823733,21.016633555352026,15.235402281289113,0.8686453900556687,87.88398565414003,11.242788086698893,99.12677374083893,6413,0,0
544,C,2.0,LightGBM,9.883497918416118,20.504957266800655,15.101463547961593,0.874963516184165,88.18025884921254,10.821768283174801,99.00202713238734,6413,0,0
544,C,2.0,Stacking,9.758786081253932,20.370003786939122,14.974724451199007,0.8766039565777979,88.53890534851084,10.572275066271636,99.11118041478247,6413,0,0
552,A,,Persistence,11.98176374251045,23.181347690234418,16.50542111197849,0.8183699576559564,81.01309740654003,17.56440281030445,98.57750021684447,11529,0,0
552,A,,Ridge,10.666056078083873,18.990114605627575,14.13663143337986,0.8781107249916894,85.93113019342528,12.360135310954982,98.29126550438026,11529,0,0
552,A,,RandomForest,9.730683968059159,18.166783750275815,13.118007995775642,0.8884508114074938,87.6485384682106,10.399861219533351,98.04839968774395,11529,0,0
552,A,,MLP,9.869597256420533,17.863635173010916,13.078760089618587,0.8921425859309823,87.22352328909706,10.590684361176164,97.81420765027322,11529,0,0
552,A,,LightGBM,9.638704532035675,17.897160526299043,12.953894928413808,0.8917373659432042,88.16029143897997,9.86208691126724,98.02237835024721,11529,0,0
552,A,,Stacking,9.651340010814087,18.02161089283229,13.012941268952632,0.8902264928885036,87.96946829733714,10.104952727903548,98.0744210252407,11529,0,0
552,B,,Persistence,12.087195425940205,23.24160588458741,16.612294201861133,0.815500588151524,80.86972083035076,17.69863994273443,98.56836077308519,11176,0,1
552,B,,Ridge,10.69951255413041,18.92825229736853,14.133752664338498,0.8776275223059932,85.89835361488905,12.39262705798139,98.29098067287043,11176,0,1
552,B,,RandomForest,9.713138853193518,18.04903844914222,13.060044053887715,0.8887318515243089,87.73264137437366,10.352541159627775,98.08518253400143,11176,0,1
552,B,,MLP,9.833725955981084,17.705671015989108,12.990281629174085,0.8929251432435195,87.32104509663564,10.540443808160344,97.86148890479599,11176,0,1
552,B,,LightGBM,9.617555424721438,17.78264985556537,12.892331385316968,0.8919920618433892,88.22476735862563,9.815676449534717,98.04044380816035,11176,0,1
552,B,,Stacking,9.637467390557863,17.910923087697356,12.960304448009111,0.8904282345726999,88.07265569076593,10.021474588403722,98.09413027916965,11176,0,1
552,C,0.0,Persistence,12.071410364995499,23.194965413764827,16.594435527019797,0.8170769179038408,81.08614232209737,17.415730337078653,98.50187265917603,3738,0,0
552,C,0.0,Ridge,11.357684113957507,21.74602888799504,15.463374673868131,0.8392166870964892,83.9218833600856,15.275548421615838,99.19743178170144,3738,0,0
552,C,0.0,RandomForest,11.077119624241654,20.025984777519202,14.663214678397399,0.8636457072409021,84.64419475655431,13.108614232209737,97.75280898876404,3738,0,0
552,C,0.0,MLP,11.662593597920614,20.67733048183657,15.217979954660406,0.854631606888924,82.93204922418406,14.606741573033707,97.53879079721776,3738,0,0
552,C,0.0,LightGBM,11.065516704899773,19.81061534052585,14.512005690804093,0.866562780866327,84.75120385232745,13.135366506153023,97.88657035848047,3738,0,0
552,C,0.0,Stacking,10.80029540386854,19.735863312331762,14.360606141783027,0.8675678868323227,85.17924023542001,12.894596040663457,98.07383627608347,3738,0,0
552,C,1.0,Persistence,12.060643714887402,23.19079670080525,16.5849157528751,0.8171279923161434,81.03771061781225,17.46456271730409,98.50227333511634,3739,0,0
552,C,1.0,Ridge,11.361846230796163,21.73804614650679,15.483010199207287,0.8393218184075171,83.95292859053222,15.244717838994383,99.1976464295266,3739,0,0
552,C,1.0,RandomForest,11.091739506123794,20.057355815192533,14.690647240219745,0.8632071955721505,84.56806632789515,13.185343674779352,97.7534100026745,3739,0,0
552,C,1.0,MLP,11.660730865746151,20.667240891548857,15.220015033646243,0.8547617864285321,82.85637871088527,14.683070339663011,97.53944905054828,3739,0,0
552,C,1.0,LightGBM,11.079722654746577,19.831143954968827,14.541935675255322,0.8662753623925128,84.67504680395828,13.212088793795132,97.88713559775341,3739,0,0
552,C,1.0,Stacking,10.814547646845257,19.7540565524287,14.389551244106109,0.8673129676338444,85.12971382722652,12.944637603637336,98.07435143086386,3739,0,0
552,C,2.0,Persistence,12.05838927688745,23.186045834387233,16.581750066898582,0.817313712949586,81.08108108108108,17.420390687717422,98.5014717687985,3737,0,0
552,C,2.0,Ridge,11.310751497387391,21.67110068842901,15.416481953146501,0.84040675362888,84.07813754348408,15.11907947551512,99.1972170189992,3737,0,0
552,C,2.0,RandomForest,11.066010952861618,20.021414124923375,14.661661793889333,0.8637796265597082,84.61332619748461,13.13888145571314,97.75220765319776,3737,0,0
552,C,2.0,MLP,11.635166262651243,20.649934437018693,15.191159099456044,0.8550928138243772,82.92748193738292,14.61065025421461,97.53813219159753,3737,0,0
552,C,2.0,LightGBM,11.049986602238944,19.794571988290706,14.50433767135808,0.866848887232103,84.72036392828473,13.165640888413165,97.88600481669789,3737,0,0
552,C,2.0,Stacking,10.785927667955718,19.713125979639567,14.353371813701667,0.8679423502521962,85.2020337168852,12.871287128712872,98.07332084559806,3737,0,0
559,A,,Persistence,13.180971347770159,28.495899966888494,20.082173327346204,0.832788780978277,78.73072893279449,19.46564885496183,98.19637778775632,13362,0,0
559,A,,Ridge,11.21529854602721,23.931776465916023,16.724360142208702,0.8820628759071726,84.29875767100734,13.845232749588385,98.14399042059573,13362,0,0
559,A,,RandomForest,10.63732761802536,23.045229472083516,15.881706642864739,0.890638934769111,85.42882801975752,12.65529112408322,98.08411914384074,13362,0,0
559,A,,MLP,10.46688599465819,22.761998880592248,15.575242181464152,0.8933105556677318,85.60844185002246,12.318515192336477,97.92695704235894,13362,0,0
559,A,,LightGBM,10.527038224252774,22.84870347712262,15.724371701364284,0.89249620859511,85.6234096692112,12.348450830713965,97.97186049992516,13362,0,0
559,A,,Stacking,10.533992280829139,22.866043908038055,15.760760824362015,0.8923329722479275,85.70573267474929,12.378386469091453,98.08411914384074,13362,0,0
559,B,,Persistence,13.301723755031805,28.67144922953372,20.276442123050927,0.831567034449133,78.4929718104309,19.663568630463168,98.15654044089408,13019,0,1
559,B,,Ridge,11.277265278754049,24.05283847032433,16.837203783852782,0.8814612143407096,84.13088562869652,13.971887241723635,98.10277287042015,13019,0,1
559,B,,RandomForest,10.665233294371406,23.134298336629108,15.94635439270283,0.8903419627633025,85.42130732007067,12.635379061371841,98.0566863814425,13019,0,1
559,B,,MLP,10.47405475474455,22.829037583867038,15.614991042592996,0.8932167805063179,85.59797219448498,12.312773638528304,97.91074583301328,13019,0,1
559,B,,LightGBM,10.552575275902853,22.923187594460604,15.783045393952525,0.8923341876688853,85.59029111298871,12.366541209002227,97.95683232199093,13019,0,1
559,B,,Stacking,10.568494102444644,22.94963520478507,15.83136724347728,0.8920856056520489,85.6517397649589,12.42030877947615,98.07204854443505,13019,0,1
559,C,0.0,Persistence,13.456313974627943,28.896111436904054,20.51603391079985,0.8309387749498761,78.12384813859197,20.01474382602285,98.13859196461482,5426,0,0
559,C,0.0,Ridge,12.398917541000738,27.509677581383418,18.62982212241891,0.8467726800698663,81.5886472539624,16.623663840766678,98.21231109472909,5426,0,0
559,C,0.0,RandomForest,12.421819523202988,25.658380780110345,18.10010046526337,0.8667019805900171,80.86988573534832,16.218208625138224,97.08809436048654,5426,0,0
559,C,0.0,MLP,12.495433031963202,25.715537082380305,18.018120615805337,0.8661074529966334,81.01732399557685,16.218208625138224,97.23553262071508,5426,0,0
559,C,0.0,LightGBM,12.529763027577989,26.120409978487462,18.308109426559426,0.8618581769362775,80.96203464799116,16.623663840766678,97.58569848875784,5426,0,0
559,C,0.0,Stacking,12.08292749939009,25.47702886252083,17.814220089627323,0.868579606614928,81.9203833394766,15.960191669738297,97.8805750092149,5426,0,0
559,C,1.0,Persistence,13.451444201634622,28.879393194311664,20.511795060818283,0.831158544734397,78.17913748617767,19.959454478437156,98.13859196461482,5426,0,0
559,C,1.0,Ridge,12.396387748744186,27.441884662557463,18.608309507973377,0.8475488065156823,81.5886472539624,16.623663840766678,98.21231109472909,5426,0,0
559,C,1.0,RandomForest,12.406456479322387,25.626622916134572,18.079729241350584,0.867050803698196,80.83302617029119,16.218208625138224,97.05123479542942,5426,0,0
559,C,1.0,MLP,12.460993620775493,25.634914818247132,17.97344574209907,0.8669647541180303,81.05418356063399,16.199778842609657,97.25396240324365,5426,0,0
559,C,1.0,LightGBM,12.51229909711728,26.076755291063826,18.28969802930208,0.8623392718706319,80.94360486546259,16.642093623295246,97.58569848875783,5426,0,0
559,C,1.0,Stacking,12.066036639411106,25.436362170185586,17.793710084028973,0.8690175953400372,81.88352377441946,16.015481017323996,97.89900479174345,5426,0,0
559,C,2.0,Persistence,13.454847723736874,28.9080197964409,20.518429782528568,0.830805321186731,78.14227792112052,19.97788426096572,98.12016218208625,5426,0,0
559,C,2.0,Ridge,12.417233637396468,27.557971458271115,18.64079148806553,0.8462395981242385,81.60707703649096,16.549944710652415,98.15702174714338,5426,0,0
559,C,2.0,RandomForest,12.41837875594065,25.695481646527185,18.09672762397999,0.8663208920584704,80.86988573534832,16.162919277552525,97.03280501290084,5426,0,0
559,C,2.0,MLP,12.485594658545192,25.69058087342794,17.996552155390134,0.8663718791160538,81.07261334316254,16.126059712495394,97.19867305565793,5426,0,0
559,C,2.0,LightGBM,12.515117908889398,26.12393688907017,18.298002378571717,0.8618257025023498,81.03575377810542,16.531514928123848,97.56726870622927,5426,0,0
559,C,2.0,Stacking,12.068921249266152,25.48966930039688,17.801802120616447,0.8684537671634234,81.99410246959086,15.904902322152598,97.89900479174345,5426,0,0
563,A,,Persistence,10.629804306891888,20.45974372514197,14.921661801642793,0.8306283798675698,86.11092254429434,12.993007942434323,99.10393048672866,14731,0,0
563,A,,Ridge,9.083739434635268,17.27858449715361,12.43846474967209,0.879202878616959,90.87638313760098,7.983164754599144,98.85954789220013,14731,0,0
563,A,,RandomForest,8.714353612912236,16.704919083375554,11.982534788175274,0.8870908818686805,91.51449324553663,7.378996673681352,98.89348991921798,14731,0,0
563,A,,MLP,8.722889829615532,16.846905814677797,12.05495668550276,0.885163338444507,91.55522367795805,7.562283619577761,99.11750729753581,14731,0,0
563,A,,LightGBM,8.609031868892938,16.436976334667104,11.790496990165039,0.8906839016945428,91.66383816441518,7.087095241327812,98.750933405743,14731,0,0
563,A,,Stacking,8.569933947064648,16.443264513355864,11.78196678797948,0.8906002451104558,91.67741497522232,7.148190889959948,98.82560586518227,14731,0,0
563,B,,Persistence,10.601306622792931,20.382834570547725,14.915912208504801,0.8320908261790982,86.17969821673525,12.956104252400548,99.1358024691358,14580,0,1
563,B,,Ridge,9.024309220964778,17.18843729318409,12.410386910531075,0.8805962260743079,90.960219478738,7.928669410150891,98.88888888888889,14580,0,1
563,B,,RandomForest,8.645423607694061,16.63609788145908,11.948601213673888,0.8881468551396313,91.6323731138546,7.311385459533608,98.94375857338821,14580,0,1
563,B,,MLP,8.634204781824884,16.74574630804555,12.008300241637025,0.886667549219986,91.70781893004116,7.462277091906722,99.17009602194788,14580,0,1
563,B,,LightGBM,8.521133227887635,16.325163142275343,11.745029575608525,0.8922889336852436,91.80384087791495,7.00960219478738,98.81344307270233,14580,0,1
563,B,,Stacking,8.493556424670855,16.34907045959927,11.742792703280243,0.8919732286409798,91.79698216735254,7.078189300411522,98.87517146776406,14580,0,1
563,C,0.0,Persistence,10.566331026250095,20.42497992991155,14.870504871567759,0.8406482731298259,86.66076173604961,12.45349867139061,99.11426040744021,5645,0,0
563,C,0.0,Ridge,10.170892418088718,19.8196027866026,13.989768659637242,0.8499543566442395,87.84765279007972,11.178033658104518,99.02568644818425,5645,0,0
563,C,0.0,RandomForest,10.179569004090402,18.940590206940207,13.875496851031857,0.862968468000177,87.77679362267493,10.930026572187776,98.7068201948627,5645,0,0
563,C,0.0,MLP,10.522621161671154,19.490654812699546,14.160700019098025,0.8548936702690701,87.15677590788309,11.550044286979627,98.70682019486271,5645,0,0
563,C,0.0,LightGBM,10.057328447942334,18.7047568959731,13.68004988049994,0.8663596410442499,88.11337466784765,10.646589902568644,98.7599645704163,5645,0,0
563,C,0.0,Stacking,9.944609952809314,18.630092908778103,13.632850714047958,0.86742441908061,88.3790965456156,10.434012400354296,98.81310894596989,5645,0,0
563,C,1.0,Persistence,10.561792389164678,20.413189782461096,14.863773250664305,0.840883873901196,86.6430469441984,12.471213463241806,99.11426040744021,5645,0,0
563,C,1.0,Ridge,10.157764459539152,19.75795831834603,13.977527489400499,0.8509346925850275,87.86536758193091,11.178033658104518,99.04340124003542,5645,0,0
563,C,1.0,RandomForest,10.16826119064318,18.904204304897135,13.865269068095627,0.8635387784113492,87.79450841452613,10.912311780336582,98.70682019486271,5645,0,0
563,C,1.0,MLP,10.528794545496533,19.481263627893004,14.165278418435532,0.8550805433313354,87.13906111603188,11.567759078830823,98.7068201948627,5645,0,0
563,C,1.0,LightGBM,10.047804780867843,18.677053498247002,13.671236594274015,0.8667984815078209,88.14880425155005,10.611160318866252,98.7599645704163,5645,0,0
563,C,1.0,Stacking,9.932507997071847,18.596274243321545,13.621849997096653,0.8679481972064315,88.3790965456156,10.434012400354296,98.81310894596989,5645,0,0
563,C,2.0,Persistence,10.559155861718098,20.41319281303422,14.863217576187102,0.8408224718809838,86.64068036853295,12.473423104181432,99.11410347271439,5644,0,0
563,C,2.0,Ridge,10.164705139859398,19.77184803741872,13.986815676075484,0.850667474959193,87.84549964564138,11.197732104890148,99.04323175053153,5644,0,0
563,C,2.0,RandomForest,10.166394442695948,18.905925524388767,13.865057424997039,0.8634612991437046,87.81006378454997,10.89652728561304,98.706591070163,5644,0,0
563,C,2.0,MLP,10.518925982498736,19.474849240858468,14.156063635106946,0.8551201160089619,87.17221828490432,11.534372785258682,98.706591070163,5644,0,0
563,C,2.0,LightGBM,10.04829464947937,18.679553364621423,13.673940957270188,0.8667114459884615,88.16442239546421,10.595322466335931,98.75974486180014,5644,0,0
563,C,2.0,Stacking,9.93527262471114,18.601378089884417,13.626799306330069,0.8678247558385184,88.39475549255847,10.41814316087881,98.81289865343729,5644,0,0
567,A,,Persistence,13.204551338418655,27.075660423045186,19.502480084172554,0.7954936148019054,78.31053660003006,20.359236434691116,98.66977303472117,13306,0,0
567,A,,Ridge,10.955123264789163,21.735834494202876,15.613063465644162,0.8682042541767755,86.78039981963025,11.288140688411243,98.0685405080415,13306,0,0
567,A,,RandomForest,10.667365591134102,21.32429306933987,15.049430095333138,0.8731477892986172,86.88561551179919,10.52908462347813,97.41470013527731,13306,0,0
567,A,,MLP,10.545740056938287,21.845872013742415,15.275538746433366,0.8668664462074192,87.48684803847888,10.777093040733504,98.26394107921239,13306,0,0
567,A,,LightGBM,10.563906652089218,20.92821485970502,14.787891226092627,0.8778163412629678,87.56951751089734,9.912821283631445,97.48233879452879,13306,0,0
567,A,,Stacking,10.630979797584637,21.145455844998185,14.940995364520523,0.8752665717593353,87.40417856606042,10.160829700886818,97.56500826694725,13306,0,0
567,B,,Persistence,13.253900626954962,27.080288315279947,19.57914787746851,0.7948205750744418,78.23822111646712,20.4711553413155,98.70937645778261,12862,0,1
567,B,,Ridge,10.944156292184303,21.637089290067838,15.589819134896615,0.8690139894033875,86.83719483750583,11.257969211631162,98.095164049137,12862,0,1
567,B,,RandomForest,10.628018648095003,21.186325952358384,14.986211625847911,0.8744147773615376,87.02379101228425,10.43383610635982,97.45762711864407,12862,0,1
567,B,,MLP,10.48638336439522,21.687485868164586,15.191207243992606,0.868403099985218,87.63022858031411,10.674856165448608,98.30508474576271,12862,0,1
567,B,,LightGBM,10.528592706780309,20.776930760206884,14.722617025753019,0.8792213904479048,87.69242730524024,9.819623697714198,97.51205100295444,12862,0,1
567,B,,Stacking,10.598728451359852,21.008952618728635,14.884497528298535,0.8765087906213626,87.54470533354066,10.052868916187219,97.59757424972788,12862,0,1
567,C,0.0,Persistence,13.235781222689742,27.049837298371994,19.537534754402223,0.7958729981687659,78.22057460611677,20.574606116774792,98.79518072289156,4316,0,0
567,C,0.0,Ridge,11.83073733505106,24.981945915028994,17.238979633925243,0.8258900182698705,83.85078776645042,14.64318813716404,98.49397590361447,4316,0,0
567,C,0.0,RandomForest,12.033643189133713,23.084840142113034,16.57958320386199,0.8513294714742566,83.31788693234476,13.484708063021316,96.80259499536608,4316,0,0
567,C,0.0,MLP,12.47718522847851,24.880745223139034,17.607534870544356,0.8272977838359548,81.69601482854495,15.477293790546803,97.17330861909176,4316,0,0
567,C,0.0,LightGBM,12.40286519920207,23.280910740339632,16.870970697295153,0.8487932865670482,82.1825764596849,14.620018535681186,96.80259499536608,4316,0,0
567,C,0.0,Stacking,11.942429674021387,22.822915056201737,16.429741189081795,0.8546840216676038,83.41056533827619,13.577386468952733,96.98795180722892,4316,0,0
567,C,1.0,Persistence,13.236708208108878,27.05715126656396,19.54263206672845,0.7957669318337146,78.24374420759963,20.551436515291936,98.79518072289157,4316,0,0
567,C,1.0,Ridge,11.832836924166923,24.99464535364659,17.241164809038608,0.8257166575201045,83.80444856348471,14.68952734012975,98.49397590361446,4316,0,0
567,C,1.0,RandomForest,12.029374866116662,23.093311182207653,16.580290892493448,0.8512234999012898,83.36422613531047,13.438368860055608,96.80259499536608,4316,0,0
567,C,1.0,MLP,12.486877146857136,24.89512861797328,17.619893222588743,0.8271017206888472,81.6728452270621,15.500463392029657,97.17330861909176,4316,0,0
567,C,1.0,LightGBM,12.409992258656901,23.299027338515852,16.88198629112066,0.8485610797701851,82.13623725671918,14.666357738646894,96.80259499536608,4316,0,0
567,C,1.0,Stacking,11.948351568595445,22.840989830370752,16.43986785776291,0.8544568522772151,83.41056533827619,13.577386468952733,96.98795180722892,4316,0,0
567,C,2.0,Persistence,13.24196573618212,27.07060500314557,19.551204819277107,0.7955482944579128,78.29008341056534,20.505097312326228,98.79518072289157,4316,0,0
567,C,2.0,Ridge,11.843507409584248,25.012774366705123,17.25934698313437,0.8254505258352496,83.80444856348471,14.68952734012975,98.49397590361446,4316,0,0
567,C,2.0,RandomForest,12.045010346671486,23.12255547314183,16.59883348854742,0.85083515748188,83.31788693234476,13.484708063021316,96.80259499536608,4316,0,0
567,C,2.0,MLP,12.485684670643407,24.924587142978424,17.624002513319564,0.8266791698706529,81.64967562557923,15.523632993512512,97.17330861909174,4316,0,0
567,C,2.0,LightGBM,12.412294415543364,23.31377189479097,16.886049328920066,0.8483578616905765,82.15940685820203,14.64318813716404,96.80259499536608,4316,0,0
567,C,2.0,Stacking,11.953794278338727,22.859714320648685,16.447134890823737,0.8542070877279004,83.38739573679332,13.600556070435589,96.98795180722891,4316,0,0
570,A,,Persistence,8.281159777559271,19.9153275999863,14.019488074461897,0.9030522501799625,91.14310645724258,8.16608493310064,99.30919139034322,13752,0,0
570,A,,Ridge,7.794924317531454,19.36847788419601,13.549931007897685,0.9083032785726253,93.41186736474694,5.802792321116929,99.21465968586386,13752,0,0
570,A,,RandomForest,7.333236687050876,17.998948678192406,12.459689805654639,0.9208124145036021,93.50639906922629,5.439208842350204,98.94560791157649,13752,0,0
570,A,,MLP,7.225451421889052,17.6315321117801,12.020736238725446,0.9240123648601963,93.5282140779523,5.606457242582897,99.13467132053519,13752,0,0
570,A,,LightGBM,7.277367687672916,17.72411317015547,12.295121599289255,0.9232122658499283,93.44095404304828,5.439208842350204,98.88016288539848,13752,0,0
570,A,,Stacking,7.2231784068732265,17.78320670626658,12.287448094118073,0.9226993800263881,93.68819080860966,5.293775450843514,98.98196625945317,13752,0,0
570,B,,Persistence,8.357648659732565,19.99644116135179,14.126410502249428,0.9026834686024112,91.03916218010178,8.260196179659268,99.29935835976104,13559,0,1
570,B,,Ridge,7.842519521622567,19.409952129256553,13.596446782885886,0.9083082776601671,93.36234235563094,5.841138727044767,99.20348108267571,13559,0,1
570,B,,RandomForest,7.381134525335706,18.030804043889166,12.506775562534392,0.9208754252139408,93.45084445755586,5.479755144184675,98.93059960174054,13559,0,1
570,B,,MLP,7.2738760931417925,17.674040942616468,12.071434446152278,0.9239756150239162,93.48034515819751,5.642008997713695,99.12235415591121,13559,0,1
570,B,,LightGBM,7.324419894711211,17.75957181558196,12.342236832077704,0.9232380173452016,93.38446788111217,5.479755144184675,98.86422302529685,13559,0,1
570,B,,Stacking,7.270764494475235,17.819128819320312,12.336705038819261,0.9227223090395725,93.64259901172653,5.324876465816063,98.96747547754259,13559,0,1
570,C,0.0,Persistence,8.35015955810159,20.041608671173293,14.1348488192452,0.9021954501739361,91.0174354447142,8.298388876627676,99.31582432134186,4531,0,0
570,C,0.0,Ridge,9.00756685957044,22.95108516892031,15.394502617265607,0.8717373076870305,91.1277863606268,8.055616861619951,99.18340322224675,4531,0,0
570,C,0.0,RandomForest,8.3119518731526,19.607593441970863,13.901245679134286,0.906385636386734,91.37055837563452,7.503862282056941,98.87442065769146,4531,0,0
570,C,0.0,MLP,8.46213042450305,19.852033277559517,13.881466354201192,0.9040369833805693,91.21606709335687,7.768704480247186,98.98477157360405,4531,0,0
570,C,0.0,LightGBM,8.411655238866798,19.534141060469366,13.930579500229191,0.9070857037807264,91.41469874199956,7.503862282056941,98.9185610240565,4531,0,0
570,C,0.0,Stacking,8.21154341208301,19.50403205422299,13.8192314639499,0.907371910489801,92.03266387111013,7.0403884352240125,99.07305230633415,4531,0,0
570,C,1.0,Persistence,8.348069377120625,20.039499727459752,14.131096888104171,0.9022030945512859,91.03950562789672,8.276318693445155,99.31582432134186,4531,0,0
570,C,1.0,Ridge,8.999648634939065,22.94516058029738,15.384622134294903,0.8717865564183261,91.1498565438093,8.033546678437432,99.18340322224674,4531,0,0
570,C,1.0,RandomForest,8.305948764964247,19.60320675571606,13.893847979365693,0.9064151383233594,91.348488192452,7.525932465239461,98.87442065769146,4531,0,0
570,C,1.0,MLP,8.452577800996812,19.83883232891302,13.87071387913522,0.9041518851133055,91.28227764290443,7.7024939306996245,98.98477157360406,4531,0,0
570,C,1.0,LightGBM,8.401679288811174,19.52577683729598,13.918485892149622,0.9071529724362508,91.43676892518208,7.481792098874421,98.9185610240565,4531,0,0
570,C,1.0,Stacking,8.202293447323605,19.49695241313545,13.807861677203906,0.9074268961572267,92.05473405429265,7.0183182520414915,99.07305230633415,4531,0,0
570,C,2.0,Persistence,8.350899873766167,20.04166190515472,14.136644591611478,0.9021659777718185,91.03752759381898,8.278145695364238,99.31567328918322,4530,0,0
570,C,2.0,Ridge,8.998371987503354,22.946896942510786,15.38433409689514,0.8717461602066139,91.12582781456953,8.05739514348786,99.1832229580574,4530,0,0
570,C,2.0,RandomForest,8.305233729494221,19.603205248676986,13.893907988680716,0.906399833749746,91.36865342163355,7.50551876379691,98.87417218543047,4530,0,0
570,C,2.0,MLP,8.447553886836463,19.83929077081549,13.865733302674286,0.904131765122561,91.280353200883,7.704194260485651,98.98454746136865,4530,0,0
570,C,2.0,LightGBM,8.399205356743963,19.528477371086428,13.917028497992579,0.9071120856492613,91.43487858719647,7.483443708609271,98.91832229580574,4530,0,0
570,C,2.0,Stacking,8.200281769477296,19.498735408612077,13.80678079385774,0.9073948076486958,92.05298013245033,7.0198675496688745,99.0728476821192,4530,0,0
575,A,,Persistence,13.839310905514138,26.218987924606285,18.361319340329835,0.8106503275072312,76.36636227340875,21.262096224614965,97.62845849802372,14674,0,0
575,A,,Ridge,12.078537567784256,22.318446471943727,15.492664711052855,0.8627979394976758,83.22202535096088,13.7045113806733,96.92653673163417,14674,0,0
575,A,,RandomForest,11.667772360817592,20.827196112315143,14.416091890607385,0.8805202448090689,83.69905956112852,11.496524465040206,95.19558402616873,14674,0,0
575,A,,MLP,11.410017461391545,20.6313315434859,14.220473728959112,0.8827569176623018,84.18972332015811,11.319340329835082,95.5090636499932,14674,0,0
575,A,,LightGBM,11.588105732734515,20.57796008707769,14.259368583825937,0.8833627283271863,84.005724410522,11.23074826223252,95.23647267275453,14674,0,0
575,A,,Stacking,11.52166593178357,20.73802741853679,14.313084096285158,0.8815411260801027,84.27831538776067,11.326155104266048,95.60447049202672,14674,0,0
575,B,,Persistence,13.946145939284666,26.021996039891345,18.407046956027564,0.8102685170156941,76.1952120480216,21.389500603821837,97.58471265184343,14077,0,0
575,B,,Ridge,12.072915757557816,22.002565529699684,15.379364342633098,0.8643546736963572,83.31320593876536,13.539816722312993,96.85302266107836,14077,0,0
575,B,,RandomForest,11.609757112295938,20.407962188883026,14.258243662263258,0.8833035968485081,83.88150884421397,11.280812673154792,95.16232151736875,14077,0,0
575,B,,MLP,11.359422593009459,20.259158459395724,14.081281344341619,0.8849991656958531,84.40718903175393,11.046387724657242,95.45357675641117,14077,0,0
575,B,,LightGBM,11.527469657235471,20.15836045691215,14.102829630575206,0.8861406758115208,84.21538680116502,10.96824607515806,95.18363287632309,14077,0,0
575,B,,Stacking,11.470692508257512,20.325742740252174,14.166462337379226,0.8842419939583317,84.4711231086169,11.096114228883994,95.56723733750088,14077,0,0
575,C,0.0,Persistence,13.841127879524432,26.27790256062668,18.579524054100325,0.8231500352814568,76.37390857729841,21.263482280431433,97.63739085772984,5841,0,0
575,C,0.0,Ridge,12.664700972016018,25.852004694301264,16.904232269358065,0.8288361549863189,82.72556069166238,14.894709809964047,97.62027050162642,5841,0,0
575,C,0.0,RandomForest,13.53250800623802,23.473918707476184,16.668520428726662,0.8588779832850884,79.54117445642869,15.305598356445815,94.8467728128745,5841,0,0
575,C,0.0,MLP,13.404655207410782,23.618333929083725,16.64135081703812,0.8571362324882336,79.91782229070364,15.356959424756035,95.27478171545968,5841,0,0
575,C,0.0,LightGBM,13.599641785724238,23.393950710042404,16.72105316661084,0.8598378590206467,79.48981338811848,15.716486902927581,95.20630029104606,5841,0,0
575,C,0.0,Stacking,12.941601624010667,22.994176830980177,16.250720109359914,0.8645873256265014,80.85944187639103,14.791987673343606,95.65142954973464,5841,0,0
575,C,1.0,Persistence,13.842446722112667,26.27873973958751,18.5814072932717,0.8231438921451197,76.37390857729841,21.263482280431433,97.63739085772984,5841,0,0
575,C,1.0,Ridge,12.659660376419337,25.84739229965601,16.89735510388039,0.8289021846258702,82.72556069166238,14.894709809964047,97.62027050162642,5841,0,0
575,C,1.0,RandomForest,13.528155153127871,23.47158211011394,16.663144428785976,0.8589101654122503,79.5582948125321,15.288478000342407,94.8467728128745,5841,0,0
575,C,1.0,MLP,13.400687960559592,23.614222249451057,16.63575998812653,0.8571901087892271,79.91782229070364,15.356959424756035,95.27478171545968,5841,0,0
575,C,1.0,LightGBM,13.597339039398118,23.390651031120274,16.718222178497243,0.8598814562823225,79.50693374422188,15.699366546824175,95.20630029104606,5841,0,0
575,C,1.0,Stacking,12.938310431956483,22.990341819425804,16.24648830579427,0.8646364135753508,80.87656223249444,14.774867317240199,95.65142954973463,5841,0,0
575,C,2.0,Persistence,13.841057436544565,26.279550833065496,18.579866461222394,0.8231326896264661,76.3396678650916,21.297722992638246,97.63739085772984,5841,0,0
575,C,2.0,Ridge,12.67027495096696,25.865726932745844,16.913949703999393,0.8286590887917471,82.72556069166238,14.894709809964047,97.62027050162642,5841,0,0
575,C,2.0,RandomForest,13.53060836269597,23.47764267467883,16.667676313070945,0.8588370673027759,79.54117445642869,15.305598356445815,94.8467728128745,5841,0,0
575,C,2.0,MLP,13.406162288644536,23.622218207219046,16.64306609190567,0.8570931490610323,79.91782229070364,15.356959424756035,95.27478171545968,5841,0,0
575,C,2.0,LightGBM,13.602330582078809,23.396241585564958,16.7251026742183,0.8598142434433999,79.48981338811848,15.716486902927581,95.20630029104606,5841,0,0
575,C,2.0,Stacking,12.942333127605268,22.997162905104606,16.252890924795423,0.8645558603918586,80.85944187639103,14.791987673343606,95.65142954973464,5841,0,0
584,A,,Persistence,11.90928736797791,28.70785502341476,20.18220056082254,0.8077026946862013,84.18346908799573,14.781679797035652,98.96514888503138,14978,0,0
584,A,,Ridge,10.554462953009095,26.9480531251285,18.220226544370576,0.8305558812586286,88.16931499532647,10.789157430898651,98.95847242622513,14978,0,0
584,A,,RandomForest,10.411791124669355,25.92759557804539,17.701345691726207,0.8431457835691814,87.96902123113901,10.835892642542396,98.8049138736814,14978,0,0
584,A,,MLP,10.44495694738443,26.33694219111783,17.738545331131498,0.8381538358884398,87.50834557350781,11.396715182267325,98.90506075577514,14978,0,0
584,A,,LightGBM,10.280556925780164,25.68990203220942,17.57115047954159,0.8460085508535498,88.19602083055148,10.689010548804914,98.88503137935639,14978,0,0
584,A,,Stacking,10.267763665093549,25.6796324127481,17.53799592104387,0.8461316433814633,88.20269728935773,10.695687007611163,98.89838429696889,14978,0,0
584,B,,Persistence,11.885640367644022,28.247407734924607,20.18611572535991,0.8119007220654382,84.18466223698782,14.846345514950166,99.03100775193798,14448,0,1
584,B,,Ridge,10.481085932792803,26.50184491946017,18.136867793347164,0.8344298098895058,88.26827242524917,10.741971207087486,99.01024363233665,14448,0,1
584,B,,RandomForest,10.302959716452103,25.471009105221167,17.58002920354073,0.847059596005176,88.15753045404209,10.762735326688816,98.9202657807309,14448,0,1
584,B,,MLP,10.33554822672843,25.810868245804155,17.611713620103124,0.8429510060373273,87.71456256921373,11.267995570321151,98.98255813953487,14448,0,1
584,B,,LightGBM,10.174522393374756,25.1999407111988,17.452364833430348,0.8502975290107337,88.37209302325581,10.596622369878183,98.968715393134,14448,0,1
584,B,,Stacking,10.168569676605687,25.192429292263306,17.428571306342555,0.8503867602037726,88.37209302325581,10.603543743078626,98.97563676633445,14448,0,1
584,C,0.0,Persistence,11.84108569751569,28.0663407415224,20.08245755860954,0.8155979846594845,84.17542441390461,14.955537590945836,99.13096200485045,4948,0,0
584,C,0.0,Ridge,12.784309947600239,33.27186787622062,21.799296918142737,0.7408516537669108,82.67987065481003,15.986257073565076,98.6661277283751,4948,0,0
584,C,0.0,RandomForest,11.080724124075738,26.609014743034642,18.713918300621884,0.8342507146800383,86.19644300727566,12.732417138237672,98.92886014551334,4948,0,0
584,C,0.0,MLP,11.445749818955518,27.23408278510254,19.21386420855745,0.8263720719377999,84.90299110751819,14.086499595796282,98.98949070331447,4948,0,0
584,C,0.0,LightGBM,11.092120825543816,26.55085343139767,18.72983791058075,0.8349745039884314,86.23686337914309,12.732417138237672,98.96928051738075,4948,0,0
584,C,0.0,Stacking,11.008093271007848,26.546195873223425,18.64445644789544,0.8350323965480426,86.35812449474535,12.590945836701698,98.94907033144705,4948,0,0
584,C,1.0,Persistence,11.839625741076212,28.076538910391754,20.09155214227971,0.8154325307641163,84.19563459983831,14.935327405012126,99.13096200485045,4948,0,0
584,C,1.0,Ridge,12.77969570025537,33.30875169893209,21.816493691600073,0.7402325495960788,82.67987065481003,15.986257073565076,98.6661277283751,4948,0,0
584,C,1.0,RandomForest,11.073134918319354,26.60845116607952,18.715458888818215,0.8342295146213123,86.19644300727566,12.732417138237672,98.92886014551334,4948,0,0
584,C,1.0,MLP,11.429727978426698,27.228369851732513,19.202877602230345,0.8264153572689272,84.9232012934519,14.06628940986257,98.98949070331446,4948,0,0
584,C,1.0,LightGBM,11.077076373771003,26.54148209009375,18.722209376131687,0.8350628984095133,86.21665319320938,12.752627324171382,98.96928051738077,4948,0,0
584,C,1.0,Stacking,10.997692864849114,26.544345350218357,18.64546572165238,0.835027310095513,86.39854486661277,12.550525464834276,98.94907033144705,4948,0,0
584,C,2.0,Persistence,11.818076324484714,28.053563485632697,20.0610101010101,0.8156131613968399,84.24242424242425,14.88888888888889,99.13131313131314,4950,0,0
584,C,2.0,Ridge,12.752619113316339,33.276400149591886,21.782507146725823,0.7405662195646213,82.70707070707071,15.97979797979798,98.68686868686869,4950,0,0
584,C,2.0,RandomForest,11.063745969884653,26.612925187585148,18.712270489775175,0.8340645894125432,86.16161616161617,12.767676767676768,98.92929292929293,4950,0,0
584,C,2.0,MLP,11.424504994539385,27.21590008649057,19.2018838527277,0.8264601363503427,84.92929292929293,14.06060606060606,98.98989898989899,4950,0,0
584,C,2.0,LightGBM,11.07064021217141,26.544692744446937,18.7203554531245,0.834914376800726,86.24242424242425,12.747474747474747,98.98989898989899,4950,0,0
584,C,2.0,Stacking,10.986920894827742,26.54520675995619,18.638926520342636,0.8349079832520732,86.4040404040404,12.565656565656566,98.96969696969697,4950,0,0
588,A,,Persistence,11.30899221986678,24.219622433388388,17.259024042511825,0.7684680872569587,84.34968569762167,14.969865854448837,99.31955155207051,15431,0,0
588,A,,Ridge,10.314648169131999,22.287313496906695,15.525468429050612,0.803938840598797,86.87706564707408,12.442485904996436,99.31955155207051,15431,0,0
588,A,,RandomForest,9.752546127218764,21.235285177047608,14.79333987601633,0.8220113463665806,88.28332577279502,11.016784395048928,99.30011016784395,15431,0,0
588,A,,MLP,9.713224578170518,21.151614229169358,14.737750020610598,0.8234111994579572,88.31572807983929,10.971421165186962,99.28714924502626,15431,0,0
588,A,,LightGBM,9.669345697042006,21.02796138936958,14.68404867617989,0.8254698490151728,88.25092346575076,11.042706240684337,99.2936297064351,15431,0,0
588,A,,Stacking,9.696301027825003,21.121094367289366,14.73442814198301,0.8239204350641339,88.15371654461798,11.126952238999417,99.2806687836174,15431,0,0
588,B,,Persistence,11.290985637189017,24.07687229690366,17.229842386348835,0.7711140927395594,84.38192002084148,14.98632278233685,99.36824280317833,15354,0,0
588,B,,Ridge,10.29367117403049,22.14658848984866,15.492187923427458,0.8063432732393984,86.93500065129608,12.426729191090269,99.36172984238635,15354,0,0
588,B,,RandomForest,9.724220368603358,21.083704905593148,14.754027163033953,0.8244855921836076,88.35482610394685,11.006903738439494,99.36172984238634,15354,0,0
588,B,,MLP,9.674933991947071,20.964755524589506,14.687999655774808,0.8264604289334997,88.39390386869871,10.961313012895662,99.35521688159437,15354,0,0
588,B,,LightGBM,9.642326073995692,20.880596450562212,14.646843441586585,0.827850916432135,88.30923537840302,11.032955581607398,99.34219096001041,15354,0,0
588,B,,Stacking,9.669738697691074,20.971808529128854,14.69735460758807,0.8263436442405265,88.2050280057314,11.124137032695064,99.32916503842647,15354,0,0
588,C,0.0,Persistence,11.406392999026947,24.024362159043555,17.32571629460362,0.7682815567789448,83.77570750571277,15.609070135348919,99.38477764106169,5689,0,0
588,C,0.0,Ridge,12.300787533999708,27.276940825643923,18.566511795650065,0.7012910790582502,82.42221831604851,16.821937071541573,99.24415538759008,5689,0,0
588,C,0.0,RandomForest,10.853058474878786,22.576245078269054,16.20015794575925,0.7953742464161803,85.65653014589559,13.605203023378449,99.26173316927404,5689,0,0
588,C,0.0,MLP,11.480113534500427,24.131478524585535,17.09683319383103,0.7662106446698396,83.74055194234488,15.38055897345755,99.12111091580243,5689,0,0
588,C,0.0,LightGBM,11.04502281047909,22.6837624855113,16.354117755686094,0.7934205806115744,85.1819300404289,14.097380910529091,99.27931095095799,5689,0,0
588,C,0.0,Stacking,10.960067722611559,22.722305608849393,16.345313003221097,0.7927179652013802,85.2170856037968,14.097380910529091,99.3144665143259,5689,0,0
588,C,1.0,Persistence,11.385954321598163,24.0070886584234,17.283881174195816,0.7685673474091202,84.03937423097206,15.310247846721744,99.3496220776938,5689,0,0
588,C,1.0,Ridge,12.272693361504677,27.15725295553537,18.499198648582595,0.7038461959165051,82.54526278783618,16.769203726489717,99.3144665143259,5689,0,0
588,C,1.0,RandomForest,10.811145509690569,22.493169563516187,16.131829765867078,0.7968359064759667,85.81473018105115,13.411847424854983,99.22657760590613,5689,0,0
588,C,1.0,MLP,11.481679027810417,24.235648726247902,17.07129718709243,0.7641396499399857,83.84601863244859,15.25751450166989,99.10353313411848,5689,0,0
588,C,1.0,LightGBM,11.036889012743707,22.656800669300384,16.32443617265747,0.7938692382920769,85.32255229390051,13.921603093689576,99.2441553875901,5689,0,0
588,C,1.0,Stacking,10.936437326918421,22.67063616488312,16.30201437981075,0.7936174117385278,85.37528563895236,13.904025312005626,99.27931095095799,5689,0,0
588,C,2.0,Persistence,11.38015773740239,24.068683220213625,17.300808720112517,0.7674884360835414,83.89592123769339,15.488748241912798,99.38466947960619,5688,0,0
588,C,2.0,Ridge,12.321749633812516,27.402052943482953,18.589967279911438,0.6986257812955713,82.55977496483825,16.772151898734176,99.33192686357243,5688,0,0
588,C,2.0,RandomForest,10.803054291066132,22.586499477823907,16.151378735449956,0.7952434746457675,85.91772151898734,13.343881856540085,99.26160337552741,5688,0,0
588,C,2.0,MLP,11.509187846024396,24.265650258340848,17.123889067400203,0.7636673292188555,83.87834036568213,15.242616033755274,99.1209563994374,5688,0,0
588,C,2.0,LightGBM,11.021944476819838,22.70146880948531,16.331257539322525,0.7931536745737131,85.23206751054852,14.01195499296765,99.24402250351616,5688,0,0
588,C,2.0,Stacking,10.934374941382973,22.732619850940416,16.32250650138696,0.7925856144719575,85.37271448663854,13.90646976090014,99.27918424753868,5688,0,0
591,A,,Persistence,14.445106532453133,27.629055620756848,19.666032210834555,0.7646894031705254,77.2108345534407,20.497803806734993,97.7086383601757,13660,0,0
591,A,,Ridge,12.964256006847583,24.768031848201105,17.19969590151616,0.8108996211828259,81.37628111273793,16.112737920937043,97.48901903367496,13660,0,0
591,A,,RandomForest,12.500382775009575,23.40826163256984,16.3010278990061,0.8310929683567839,82.69399707174232,14.421669106881405,97.11566617862373,13660,0,0
591,A,,MLP,12.534612552707399,23.52811320124546,16.314564719528406,0.8293589141473559,82.73792093704246,14.355783308931185,97.09370424597364,13660,0,0
591,A,,LightGBM,12.324305627455711,23.16866647134505,16.059460477324897,0.8345329671400553,83.26500732064422,13.777452415812592,97.0424597364568,13660,0,0
591,A,,Stacking,12.335354401052632,23.260256003687235,16.136913504557842,0.8332221447524184,83.199121522694,13.960468521229869,97.15959004392387,13660,0,0
591,B,,Persistence,14.357353758539565,27.06109814023396,19.5639215103315,0.7718980106183035,77.33759476735543,20.53664337743422,97.87423814478964,13454,0,1
591,B,,Ridge,12.8315529548451,24.145819676910556,17.06154154578974,0.8183973647608925,81.49249293890293,16.143897725583468,97.6363906644864,13454,0,1
591,B,,RandomForest,12.31093791126703,22.709326310641472,16.126435447607637,0.839362572036841,82.91214508696298,14.426936227144344,97.33908131410732,13454,0,1
591,B,,MLP,12.302291278061407,22.82469712968726,16.116122645536485,0.837726244484915,82.99390515831723,14.3451761557901,97.33908131410733,13454,0,1
591,B,,LightGBM,12.113293609487277,22.450018769963588,15.875997740271306,0.843010120086372,83.4844655864427,13.79515385758882,97.27961944403151,13454,0,1
591,B,,Stacking,12.13925389110899,22.555325347935938,15.961519156850862,0.841533877167876,83.4175709826074,13.980972201575739,97.39854318418314,13454,0,1
591,C,0.0,Persistence,14.432704539157873,27.08239121603731,19.58846529814272,0.7736152234519288,77.20430107526882,20.56695992179863,97.77126099706744,5115,0,0
591,C,0.0,Ridge,14.610824676428837,28.83337896870262,19.507188471330444,0.7433954903814651,78.86608015640273,18.98338220918866,97.84946236559139,5115,0,0
591,C,0.0,RandomForest,13.826894230997352,24.50205277307232,17.725699971085348,0.8146988365642749,80.23460410557185,16.637341153470185,96.87194525904204,5115,0,0
591,C,0.0,MLP,14.759916038452298,25.801760604353852,18.431532494413908,0.7945188975772479,78.59237536656892,17.693059628543498,96.28543499511241,5115,0,0
591,C,0.0,LightGBM,13.916781613504783,24.699654932453775,17.748455951797204,0.8116979811767193,79.88269794721407,16.832844574780058,96.71554252199412,5115,0,0
591,C,0.0,Stacking,13.587806613800998,24.4623374394147,17.545111286054492,0.8152990583714004,80.35190615835778,16.656891495601172,97.00879765395895,5115,0,0
591,C,1.0,Persistence,14.416633722825425,27.05929700618626,19.557793858791317,0.7738354605345156,77.25405828280853,20.516330921181304,97.77038920398984,5113,0,0
591,C,1.0,Ridge,14.58186628308112,28.79329980049422,19.469883321203817,0.7439207602224318,78.89692939565812,18.951691766086448,97.84862116174457,5113,0,0
591,C,1.0,RandomForest,13.792850069006846,24.437590046798828,17.671804822183976,0.8155374349411593,80.32466262468218,16.546059065128105,96.87072168981028,5113,0,0
591,C,1.0,MLP,14.727913765098696,25.738429625886905,18.384319845309722,0.7953764640500393,78.72090749070996,17.56307451593976,96.28398200664972,5113,0,0
591,C,1.0,LightGBM,13.906595697765816,24.660129097707003,17.7335054285228,0.8121625494479071,79.91394484646979,16.80031292783102,96.7142577743008,5113,0,0
591,C,1.0,Stacking,13.572612505811033,24.416517449349787,17.52235567103038,0.8158554228802255,80.42245257187561,16.585175044005478,97.00762761588109,5113,0,0
591,C,2.0,Persistence,14.429586551402116,27.076833257904337,19.57383141013104,0.7736768213829328,77.17582632505379,20.594562878936046,97.77038920398984,5113,0,0
591,C,2.0,Ridge,14.626919829694698,28.840100630109703,19.52912936038382,0.743240314101968,78.81869743790338,19.0103657344025,97.82906317230588,5113,0,0
591,C,2.0,RandomForest,13.816088045018004,24.478094768334095,17.704198497150937,0.8150354430200482,80.24643066692744,16.624291022882847,96.87072168981028,5113,0,0
591,C,2.0,MLP,14.755699558716518,25.79258776359388,18.426107173231713,0.7946365617209928,78.64267553295521,17.641306473694502,96.28398200664971,5113,0,0
591,C,2.0,LightGBM,13.925064272732513,24.702162454343885,17.75599938909222,0.811633685779031,79.8943868570311,16.819870917269704,96.71425777430079,5113,0,0
591,C,2.0,Stacking,13.592786979412704,24.458913071670278,17.54715078130115,0.8153252158909038,80.40289458243693,16.604733033444163,97.00762761588109,5113,0,0
596,A,,Persistence,10.706447121171287,21.58722979177053,14.793090829246871,0.8119897060605009,85.68396399033887,13.15962819292981,98.84359218326868,13663,0,0
596,A,,Ridge,9.785765454113017,19.564601736181608,13.047498965591485,0.8455706573889534,88.7652784893508,9.873380663104735,98.63865915245555,13663,0,0
596,A,,RandomForest,9.22694524634534,18.805398123094257,12.390508204233225,0.8573233631459591,89.59232964941813,8.724291883188172,98.3166215326063,13663,0,0
596,A,,MLP,9.143502915738523,18.572653061499487,12.2043893514587,0.8608331838266263,89.48986313401156,8.899948766742297,98.38981190075386,13663,0,0
596,A,,LightGBM,9.052748475529288,18.424095332370523,12.137150213030813,0.8630505969194082,89.76066749615751,8.570592110078314,98.33125960623582,13663,0,0
596,A,,Stacking,9.009113913506148,18.470690550496098,12.1437880204403,0.8623570207819931,89.96560052697065,8.45348752104223,98.41908804801288,13663,0,0
596,B,,Persistence,10.614253086218378,20.80967811632041,14.693650204233197,0.8237138376698326,85.80764946156702,13.152617898254734,98.96026735982176,13465,0,1
596,B,,Ridge,9.643719608122408,18.6525858478191,12.894975037743121,0.8583666285507423,88.92684738210174,9.80319346453769,98.73004084663943,13465,0,1
596,B,,RandomForest,9.078431788103156,17.922953755267983,12.233420642394233,0.8692304387205236,89.81062012625326,8.63720757519495,98.4478277014482,13465,0,1
596,B,,MLP,8.949145923353955,17.757314610366745,12.017439310345095,0.8716363443609199,89.81062012625326,8.756034162643891,98.56665428889714,13465,0,1
596,B,,LightGBM,8.900658603986802,17.57795828038771,11.976127596237392,0.8742163024837566,90.00371333085778,8.458967694021537,98.46268102487932,13465,0,1
596,B,,Stacking,8.865160819208546,17.60312918578285,11.990321738956288,0.8738558105137346,90.17452655031563,8.354994430003714,98.52952098031935,13465,0,1
596,C,0.0,Persistence,10.567652732290473,20.951740225788303,14.729603378072689,0.8227899838557773,85.92972402352586,12.984466897903784,98.91419092142965,6631,0,0
596,C,0.0,Ridge,10.641994961174223,21.667780157621316,14.51138969407341,0.8104704616625331,86.09561152164078,12.532046448499472,98.62765797014025,6631,0,0
596,C,0.0,RandomForest,10.533553918128796,20.080732022195935,14.036860899237402,0.837217713428092,86.00512743175992,12.019303272507917,98.02443070426783,6631,0,0
596,C,0.0,MLP,10.361517850795906,19.92082050574156,13.720665261543289,0.8398000012833422,86.60835469763234,11.40099532498869,98.00935002262102,6631,0,0
596,C,0.0,LightGBM,10.482376239198057,19.91673461133807,13.997372112399459,0.8398657107405051,86.20117629316844,11.928819182627056,98.1299954757955,6631,0,0
596,C,0.0,Stacking,10.303553258960438,19.815370463138652,13.879482160316908,0.8414915365520967,86.77424219574725,11.47639873322274,98.25064092896999,6631,0,0
596,C,1.0,Persistence,10.569756680859125,20.953035793002506,14.733222741667923,0.8227703547961317,85.95988538681948,12.954305534610164,98.91419092142965,6631,0,0
596,C,1.0,Ridge,10.646716714137467,21.672466411927484,14.518088267370945,0.8103909180659917,86.09561152164078,12.532046448499472,98.62765797014025,6631,0,0
596,C,1.0,RandomForest,10.535270541697232,20.083835258927373,14.03810049814822,0.8371694990446419,86.02020811340672,12.004222590861106,98.02443070426783,6631,0,0
596,C,1.0,MLP,10.361987227958759,19.920387843898766,13.721187794749069,0.8398090275437088,86.60835469763234,11.40099532498869,98.00935002262102,6631,0,0
596,C,1.0,LightGBM,10.48348000544287,19.920903430511633,13.998941983636639,0.8398007351961512,86.20117629316844,11.928819182627056,98.1299954757955,6631,0,0
596,C,1.0,Stacking,10.30553800966869,19.820476517096527,13.882614988737014,0.841411883492683,86.75916151410044,11.491479414869552,98.25064092897,6631,0,0
596,C,2.0,Persistence,10.568749300044967,20.9539719267785,14.730728616684265,0.8227923899472747,85.95564941921859,12.958213908583497,98.91386332780209,6629,0,0
596,C,2.0,Ridge,10.643215720590248,21.669126095671995,14.511994275480708,0.8104898625619389,86.09141650324332,12.535827424950973,98.6272439281943,6629,0,0
596,C,2.0,RandomForest,10.535195061328018,20.082470527601966,14.036995660641727,0.8372264146885844,86.03107557701011,11.992759088852013,98.02383466586213,6629,0,0
596,C,2.0,MLP,10.366063514657878,19.92382294437641,13.725893391705785,0.8397880153696018,86.60431437622567,11.40443505807814,98.00874943430381,6629,0,0
596,C,2.0,LightGBM,10.483386589466729,19.919549596629185,13.998226585475685,0.8398567339185541,86.19701312415145,11.932418162618797,98.12943128677026,6629,0,0
596,C,2.0,Stacking,10.304400595408563,19.81828204217641,13.880094128660497,0.8414808764543722,86.77025192336703,11.479861215869663,98.25011313923669,6629,0,0
