patient,condition,model,MARD,RMSE,MAE,R2,EGA_A,EGA_B,EGA_A+B,n_samples,persistence_mismatches,n_removed_nonfinite
540,A,LightGBM,12.107702658321541,20.37168492841728,15.011628503610892,0.8773730740778118,81.92124505265983,15.066747165761052,96.98799221842089,14907.0,0,0.0
540,A,MLP,11.545930398621486,20.078224093235427,14.647854382637579,0.8808805898956107,83.0146910847253,14.932582008452405,97.9472730931777,14907.0,0,0.0
540,A,Persistence,15.062798180160303,26.812805608074168,19.589722948950158,0.787569701657687,73.37492453209902,24.216810894210774,97.59173542630978,14907.0,0,0.0
540,A,RandomForest,12.242406848828468,20.74313447860745,15.23716106784682,0.8728604395329274,81.27725229757831,15.6369490843228,96.91420138190111,14907.0,0,0.0
540,A,Ridge,13.198350838441138,22.086975669712363,16.508814243648903,0.8558533859492373,79.46602267391158,17.850674179915476,97.31669685382705,14907.0,0,0.0
540,A,Stacking,12.202876348062558,20.6906459576224,15.207571017081987,0.8735030544988471,81.52545783859932,15.569866505668477,97.0953243442678,14907.0,0,0.0
540,B,LightGBM,12.108096741420331,20.33508585470313,14.998268405965375,0.8777054342525097,81.92557186753159,15.00853533629225,96.93410720382384,14645.0,0,1.0
540,B,MLP,11.530897887406018,20.040219113469057,14.61862650248433,0.8812263590116014,83.05223625810856,14.85831341754865,97.91054967565722,14645.0,0,1.0
540,B,Persistence,15.10921929521595,26.86240244418589,19.646978490952545,0.786594876867493,73.29463980880847,24.254011608057358,97.54865141686582,14645.0,0,1.0
540,B,RandomForest,12.236420009579204,20.70556835783559,15.219594767322993,0.8732087011028402,81.28371457835439,15.575281666097645,96.85899624445204,14645.0,0,1.0
540,B,Ridge,13.223959762251052,22.093006781686988,16.52918598502983,0.8556473402497805,79.39228405599181,17.87640833048822,97.26869238648003,14645.0,0,1.0
540,B,Stacking,12.204171820395992,20.66096576241825,15.198297671600596,0.8737543639751612,81.52953226357118,15.513827244793445,97.04335950836463,14645.0,0,1.0
540,C,LightGBM,14.371453147232112,23.334294655311567,17.293152970579182,0.83834770443022,76.28844978610715,19.91580090989339,96.20425069600054,4909.0,0,0.0
540,C,MLP,13.734468574866648,23.220827042867356,16.94912658568038,0.8399159604378269,78.47491002919807,18.42873633462348,96.90364636382155,4909.0,0,0.0
540,C,Persistence,15.10809792250395,26.834494165919143,19.634073470496364,0.7862139568757472,73.23283764514157,24.186867658043052,97.41970530318463,4909.0,0,0.0
540,C,RandomForest,14.256804187631124,23.272105941410288,17.25059031664944,0.8392081909480672,76.65512324302301,19.291097983295987,95.946221226319,4909.0,0,0.0
540,C,Ridge,14.234862841891077,24.96536374962101,17.94405307306418,0.8149587986208248,76.85204046988524,21.35533374074829,98.20737421063353,4909.0,0,0.0
540,C,Stacking,13.740568416638839,22.830079959711643,16.820267089673266,0.845258292048845,77.72798261696204,18.95837577239085,96.68635838935289,4909.0,0,0.0
544,A,LightGBM,8.651403224720015,18.80993716533749,13.48763993589104,0.897930700267129,91.0857057460958,8.122244638720765,99.20795038481657,13383.0,0,0.0
544,A,MLP,8.75239738727317,19.135874191449886,13.666398427585232,0.8943627566098689,90.83912426212359,8.45849211686468,99.29761637898827,13383.0,0,0.0
544,A,Persistence,10.824378834147645,23.49642302439551,17.33109168347904,0.8407336780566694,85.27983262347755,14.114921915863409,99.39475453934095,13383.0,0,0.0
544,A,RandomForest,8.659277090825519,18.806229074787336,13.517686883306798,0.8979709390937123,91.25009340207727,7.980273481282223,99.2303668833595,13383.0,0,0.0
544,A,Ridge,9.83610817149976,20.601343513888352,15.02483955804058,0.8775633232693285,88.13420010461033,10.999028618396473,99.1332287230068,13383.0,0,0.0
544,A,Stacking,8.681996456328635,18.84001872889392,13.553884654491535,0.8976039730427562,91.17537174026751,8.054995143091983,99.2303668833595,13383.0,0,0.0
544,B,LightGBM,8.673206584315599,18.761063984869516,13.515710749148713,0.8990624500918194,91.06966871351679,8.149495868395118,99.21916458191191,13191.0,0,0.0
544,B,MLP,8.770071351845038,19.078539101436956,13.686939369592395,0.8956174114856768,90.82707906906224,8.483056629520128,99.31013569858237,13191.0,0,0.0
544,B,Persistence,10.87271380247099,23.48417190521171,17.4061102266697,0.8418430318368761,85.23993632021833,14.168751421423698,99.40868774164203,13191.0,0,0.0
544,B,RandomForest,8.679554870877823,18.756495380981615,13.543993411691082,0.8991116037576855,91.23644909407929,8.005458267000227,99.24190736107951,13191.0,0,0.0
544,B,Ridge,9.859695184487384,20.57083841277558,15.055082479844575,0.8786494315696799,88.11310742172694,11.030247896292927,99.14335531801987,13191.0,0,0.0
544,B,Stacking,8.702937552039982,18.78712977695162,13.580620246984498,0.8987817789208523,91.17580168296566,8.066105678113866,99.24190736107953,13191.0,0,0.0
544,C,LightGBM,9.884756128843529,20.505334709758934,15.103233718179844,0.8749595043926668,88.18025884921254,10.8217682831748,99.00202713238734,6413.0,0,0.0
544,C,MLP,9.908218535248453,21.015821363498727,15.234197743530034,0.868656163420095,87.88398565414003,11.242788086698893,99.12677374083893,6413.0,0,0.0
544,C,Persistence,10.79139354792324,23.11588286484806,17.14137948957846,0.8410948652044024,85.57617339778575,13.86246686418213,99.43864026196788,6413.0,0,0.0
544,C,RandomForest,9.837144891264154,20.49668228337629,15.053631477980678,0.8750650061793465,88.21144550132543,10.75939497894901,98.97084048027443,6413.0,0,0.0
544,C,Ridge,10.433739010685327,22.12453371261968,15.91680803253508,0.8544322350871534,86.54295961328552,12.568220801496958,99.11118041478248,6413.0,0,0.0
544,C,Stacking,9.759970184934842,20.37043881124413,14.976341462756844,0.8765992697212425,88.53890534851082,10.572275066271636,99.11118041478248,6413.0,0,0.0
552,A,LightGBM,9.638704532035675,17.897160526299043,12.953894928413808,0.8917373659432042,88.16029143897997,9.86208691126724,98.02237835024721,11529.0,0,0.0
552,A,MLP,9.869597256420533,17.863635173010916,13.078760089618587,0.8921425859309823,87.22352328909706,10.590684361176164,97.81420765027322,11529.0,0,0.0
552,A,Persistence,11.98176374251045,23.181347690234418,16.50542111197849,0.8183699576559564,81.01309740654003,17.56440281030445,98.57750021684447,11529.0,0,0.0
552,A,RandomForest,9.730683968059159,18.166783750275815,13.118007995775642,0.8884508114074938,87.6485384682106,10.399861219533351,98.04839968774395,11529.0,0,0.0
552,A,Ridge,10.666056078083873,18.990114605627575,14.13663143337986,0.8781107249916894,85.93113019342528,12.360135310954982,98.29126550438026,11529.0,0,0.0
552,A,Stacking,9.651340010814087,18.02161089283229,13.012941268952632,0.8902264928885036,87.96946829733714,10.104952727903548,98.0744210252407,11529.0,0,0.0
552,B,LightGBM,9.617555424721438,17.78264985556537,12.892331385316968,0.8919920618433892,88.22476735862563,9.815676449534717,98.04044380816035,11176.0,0,1.0
552,B,MLP,9.833725955981084,17.705671015989108,12.990281629174085,0.8929251432435195,87.32104509663564,10.540443808160344,97.86148890479599,11176.0,0,1.0
552,B,Persistence,12.087195425940205,23.24160588458741,16.612294201861133,0.815500588151524,80.86972083035076,17.69863994273443,98.56836077308519,11176.0,0,1.0
552,B,RandomForest,9.713138853193518,18.04903844914222,13.060044053887715,0.8887318515243089,87.73264137437366,10.352541159627775,98.08518253400143,11176.0,0,1.0
552,B,Ridge,10.69951255413041,18.92825229736853,14.133752664338498,0.8776275223059932,85.89835361488905,12.39262705798139,98.29098067287043,11176.0,0,1.0
552,B,Stacking,9.637467390557863,17.910923087697356,12.960304448009111,0.8904282345726999,88.07265569076593,10.021474588403722,98.09413027916965,11176.0,0,1.0
552,C,LightGBM,11.06507532062843,19.81211042792846,14.519426345805831,0.8665623434969808,84.71553819485682,13.171032062787106,97.88657025764392,3738.0,0,0.0
552,C,MLP,11.652830242106,20.664835270134706,15.209718029254232,0.8548287357139444,82.90530329081741,14.633487388970442,97.53879067978785,3738.0,0,0.0
552,C,Persistence,12.06348111892345,23.190602649652437,16.587033782264495,0.8171728743898568,81.06831134033024,17.433561247366722,98.50187258769695,3738.0,0,0.0
552,C,RandomForest,11.078290027742355,20.034918239211702,14.671841237502159,0.863544176457587,84.60852909397802,13.144279787567408,97.75280888154543,3738.0,0,0.0
552,C,Ridge,11.343427280713689,21.71839190764361,15.454288942073973,0.839648419710962,83.98431649803398,15.213115245375114,99.19743174340908,3738.0,0,0.0
552,C,Stacking,10.800256906223174,19.73434861480001,14.367843066530268,0.867607734906121,85.17032925984391,12.903506924337888,98.0738361841818,3738.0,0,0.0
559,A,LightGBM,10.527038224252774,22.84870347712262,15.724371701364284,0.89249620859511,85.6234096692112,12.348450830713965,97.97186049992516,13362.0,0,0.0
559,A,MLP,10.46688599465819,22.761998880592248,15.575242181464152,0.8933105556677318,85.60844185002246,12.318515192336477,97.92695704235894,13362.0,0,0.0
559,A,Persistence,13.180971347770159,28.495899966888494,20.082173327346204,0.832788780978277,78.73072893279449,19.46564885496183,98.19637778775632,13362.0,0,0.0
559,A,RandomForest,10.63732761802536,23.045229472083516,15.881706642864739,0.890638934769111,85.42882801975752,12.65529112408322,98.08411914384074,13362.0,0,0.0
559,A,Ridge,11.21529854602721,23.931776465916023,16.724360142208702,0.8820628759071726,84.29875767100734,13.845232749588385,98.14399042059573,13362.0,0,0.0
559,A,Stacking,10.533992280829139,22.866043908038055,15.760760824362015,0.8923329722479275,85.70573267474929,12.378386469091453,98.08411914384074,13362.0,0,0.0
559,B,LightGBM,10.552575275902853,22.923187594460604,15.783045393952525,0.8923341876688853,85.59029111298871,12.366541209002227,97.95683232199093,13019.0,0,1.0
559,B,MLP,10.47405475474455,22.829037583867038,15.614991042592996,0.8932167805063179,85.59797219448498,12.312773638528304,97.91074583301328,13019.0,0,1.0
559,B,Persistence,13.301723755031805,28.67144922953372,20.276442123050927,0.831567034449133,78.4929718104309,19.663568630463168,98.15654044089408,13019.0,0,1.0
559,B,RandomForest,10.665233294371406,23.134298336629108,15.94635439270283,0.8903419627633025,85.42130732007067,12.635379061371841,98.0566863814425,13019.0,0,1.0
559,B,Ridge,11.277265278754049,24.05283847032433,16.837203783852782,0.8814612143407096,84.13088562869652,13.971887241723635,98.10277287042015,13019.0,0,1.0
559,B,Stacking,10.568494102444644,22.94963520478507,15.83136724347728,0.8920856056520489,85.6517397649589,12.42030877947615,98.07204854443505,13019.0,0,1.0
559,C,LightGBM,12.519060011194888,26.107034052873818,18.29860327814441,0.8620077171030864,80.98046443051972,16.59909079739526,97.57955522791498,5426.0,0,0.0
559,C,MLP,12.480673770427963,25.68034425801846,17.99603950443151,0.866481362076906,81.04804029979113,16.181349060081093,97.22938935987223,5426.0,0,0.0
559,C,Persistence,13.45420196666648,28.89450814255221,20.51541958471557,0.8309675469570014,78.14842118196339,19.984027521808574,98.13244870377196,5426.0,0,0.0
559,C,RandomForest,12.41555158615534,25.66016178092403,18.09218577686465,0.8666912254488945,80.85759921366261,16.199778842609657,97.05737805627227,5426.0,0,0.0
559,C,Ridge,12.404179642380464,27.50317790073733,18.626307706152605,0.8468536949032623,81.59479051480525,16.59909079739526,98.19388131220052,5426.0,0,0.0
559,C,Stacking,12.072628462689115,25.4676867777011,17.803244098090914,0.8686836563727961,81.93266986116231,15.960191669738299,97.89286153090059,5426.0,0,0.0
563,A,LightGBM,8.609031868892938,16.436976334667104,11.790496990165039,0.8906839016945428,91.66383816441518,7.087095241327812,98.750933405743,14731.0,0,0.0
563,A,MLP,8.722889829615532,16.846905814677797,12.05495668550276,0.885163338444507,91.55522367795805,7.562283619577761,99.11750729753581,14731.0,0,0.0
563,A,Persistence,10.629804306891888,20.45974372514197,14.921661801642793,0.8306283798675698,86.11092254429434,12.993007942434323,99.10393048672866,14731.0,0,0.0
563,A,RandomForest,8.714353612912236,16.704919083375554,11.982534788175274,0.8870908818686805,91.51449324553663,7.378996673681352,98.89348991921798,14731.0,0,0.0
563,A,Ridge,9.083739434635268,17.27858449715361,12.43846474967209,0.879202878616959,90.87638313760098,7.983164754599144,98.85954789220013,14731.0,0,0.0
563,A,Stacking,8.569933947064648,16.443264513355864,11.78196678797948,0.8906002451104558,91.67741497522232,7.148190889959948,98.82560586518227,14731.0,0,0.0
563,B,LightGBM,8.521133227887635,16.325163142275343,11.745029575608525,0.8922889336852436,91.80384087791495,7.00960219478738,98.81344307270233,14580.0,0,1.0
563,B,MLP,8.634204781824884,16.74574630804555,12.008300241637025,0.886667549219986,91.70781893004116,7.462277091906722,99.17009602194788,14580.0,0,1.0
563,B,Persistence,10.601306622792931,20.382834570547725,14.915912208504801,0.8320908261790982,86.17969821673525,12.956104252400548,99.1358024691358,14580.0,0,1.0
563,B,RandomForest,8.645423607694061,16.63609788145908,11.948601213673888,0.8881468551396313,91.6323731138546,7.311385459533608,98.94375857338821,14580.0,0,1.0
563,B,Ridge,9.024309220964778,17.18843729318409,12.410386910531075,0.8805962260743079,90.960219478738,7.928669410150891,98.88888888888889,14580.0,0,1.0
563,B,Stacking,8.493556424670855,16.34907045959927,11.742792703280243,0.8919732286409798,91.79698216735254,7.078189300411522,98.87517146776406,14580.0,0,1.0
563,C,LightGBM,10.051142626096516,18.687121252947176,13.675075810681383,0.8666231895135108,88.1422004382873,10.617690895923609,98.75989133421092,5644.666666666667,0,0.0
563,C,MLP,10.523447229888808,19.48225589381701,14.160680690880168,0.8550314432031225,87.1560184362731,11.550725383689711,98.70674381996281,5644.666666666667,0,0.0
563,C,Persistence,10.562426425710958,20.41712084180229,14.865831899473056,0.8407848729706685,86.64816301626031,12.466045079604617,99.11420809586495,5644.666666666667,0,0.0
563,C,RandomForest,10.171408212476509,18.916906678742038,13.868607781374841,0.8633228485184103,87.79378860725035,10.912955212712466,98.70674381996281,5644.666666666667,0,0.0
563,C,Ridge,10.16445400582909,19.783136380789117,13.984703941704408,0.8505188413961533,87.852840005884,11.184599807033061,99.03743981291707,5644.666666666667,0,0.0
563,C,Stacking,9.9374635248641,18.60924841399469,13.62716667249156,0.8677324573751867,88.38431619459656,10.428722653862467,98.81303884845902,5644.666666666667,0,0.0
567,A,LightGBM,10.563906652089218,20.92821485970502,14.787891226092627,0.8778163412629678,87.56951751089734,9.912821283631445,97.48233879452879,13306.0,0,0.0
567,A,MLP,10.545740056938287,21.845872013742415,15.275538746433366,0.8668664462074192,87.48684803847888,10.777093040733504,98.26394107921239,13306.0,0,0.0
567,A,Persistence,13.204551338418655,27.075660423045186,19.502480084172554,0.7954936148019054,78.31053660003006,20.359236434691116,98.66977303472117,13306.0,0,0.0
567,A,RandomForest,10.667365591134102,21.32429306933987,15.049430095333138,0.8731477892986172,86.88561551179919,10.52908462347813,97.41470013527731,13306.0,0,0.0
567,A,Ridge,10.955123264789163,21.735834494202876,15.613063465644162,0.8682042541767755,86.78039981963025,11.288140688411243,98.0685405080415,13306.0,0,0.0
567,A,Stacking,10.630979797584637,21.145455844998185,14.940995364520523,0.8752665717593353,87.40417856606042,10.160829700886818,97.56500826694725,13306.0,0,0.0
567,B,LightGBM,10.528592706780309,20.776930760206884,14.722617025753019,0.8792213904479048,87.69242730524024,9.819623697714198,97.51205100295444,12862.0,0,1.0
567,B,MLP,10.48638336439522,21.687485868164586,15.191207243992606,0.868403099985218,87.63022858031411,10.674856165448608,98.30508474576271,12862.0,0,1.0
567,B,Persistence,13.253900626954962,27.080288315279947,19.57914787746851,0.7948205750744418,78.23822111646712,20.4711553413155,98.70937645778261,12862.0,0,1.0
567,B,RandomForest,10.628018648095003,21.186325952358384,14.986211625847911,0.8744147773615376,87.02379101228425,10.43383610635982,97.45762711864407,12862.0,0,1.0
567,B,Ridge,10.944156292184303,21.637089290067838,15.589819134896615,0.8690139894033875,86.83719483750583,11.257969211631162,98.095164049137,12862.0,0,1.0
567,B,Stacking,10.598728451359852,21.008952618728635,14.884497528298535,0.8765087906213626,87.54470533354066,10.052868916187219,97.59757424972788,12862.0,0,1.0
567,C,LightGBM,12.40838395780078,23.297903324548816,16.879668772445296,0.8485707426759367,82.15940685820203,14.64318813716404,96.80259499536608,4316.0,0,0.0
567,C,MLP,12.48324901532635,24.90015366136358,17.61714353548422,0.8270262247984851,81.6728452270621,15.500463392029658,97.17330861909176,4316.0,0,0.0
567,C,Persistence,13.238151722326913,27.059197856027172,19.543790546802594,0.7957294081534645,78.25146740809392,20.543713314797653,98.79518072289157,4316.0,0,0.0
567,C,RandomForest,12.036009467307286,23.10023559915417,16.586235861634286,0.8511293762858089,83.33333333333333,13.469261662032745,96.80259499536608,4316.0,0,0.0
567,C,Ridge,11.835693889600742,24.99645521179357,17.24649714203274,0.8256857338750748,83.81989496447328,14.674080939141179,98.49397590361446,4316.0,0,0.0
567,C,Stacking,11.94819184031852,22.841206402407057,16.43891464588948,0.8544493205575732,83.40284213778189,13.58510966944702,96.98795180722891,4316.0,0,0.0
570,A,LightGBM,7.277367687672916,17.72411317015547,12.295121599289255,0.9232122658499283,93.44095404304828,5.439208842350204,98.88016288539848,13752.0,0,0.0
570,A,MLP,7.225451421889052,17.6315321117801,12.020736238725446,0.9240123648601963,93.5282140779523,5.606457242582897,99.13467132053519,13752.0,0,0.0
570,A,Persistence,8.281159777559271,19.9153275999863,14.019488074461897,0.9030522501799625,91.14310645724258,8.16608493310064,99.30919139034322,13752.0,0,0.0
570,A,RandomForest,7.333236687050876,17.998948678192406,12.459689805654639,0.9208124145036021,93.50639906922629,5.439208842350204,98.94560791157649,13752.0,0,0.0
570,A,Ridge,7.794924317531454,19.36847788419601,13.549931007897685,0.9083032785726253,93.41186736474694,5.802792321116929,99.21465968586386,13752.0,0,0.0
570,A,Stacking,7.2231784068732265,17.78320670626658,12.287448094118073,0.9226993800263881,93.68819080860966,5.293775450843514,98.98196625945317,13752.0,0,0.0
570,B,LightGBM,7.324419894711211,17.75957181558196,12.342236832077704,0.9232380173452016,93.38446788111217,5.479755144184675,98.86422302529685,13559.0,0,1.0
570,B,MLP,7.2738760931417925,17.674040942616468,12.071434446152278,0.9239756150239162,93.48034515819751,5.642008997713695,99.12235415591121,13559.0,0,1.0
570,B,Persistence,8.357648659732565,19.99644116135179,14.126410502249428,0.9026834686024112,91.03916218010178,8.260196179659268,99.29935835976104,13559.0,0,1.0
570,B,RandomForest,7.381134525335706,18.030804043889166,12.506775562534392,0.9208754252139408,93.45084445755586,5.479755144184675,98.93059960174054,13559.0,0,1.0
570,B,Ridge,7.842519521622567,19.409952129256553,13.596446782885886,0.9083082776601671,93.36234235563094,5.841138727044767,99.20348108267571,13559.0,0,1.0
570,B,Stacking,7.270764494475235,17.819128819320312,12.336705038819261,0.9227223090395725,93.64259901172653,5.324876465816063,98.96747547754259,13559.0,0,1.0
570,C,LightGBM,8.404179961473979,19.529465089617258,13.922031296790465,0.9071169206220796,91.4287820847927,7.489699363180211,98.91848144797291,4530.666666666667,0,0.0
570,C,MLP,8.454087370778774,19.84338545909601,13.872637845336898,0.9041068778721453,91.2595659790481,7.725130890477487,98.98469686952558,4530.666666666667,0,0.0
570,C,Persistence,8.349709602996127,20.04092343459592,14.134196766320281,0.9021881741656802,91.03148955547663,8.284284421812357,99.31577397728898,4530.666666666667,0,0.0
570,C,RandomForest,8.307711455870356,19.6046684821213,13.896333882393565,0.9064002028199464,91.36256666324003,7.511771170364438,98.87433783360446,4530.666666666667,0,0.0
570,C,Ridge,9.001862494004287,22.947714230576157,15.387819616151882,0.8717566747706568,91.13449023966855,8.04885289451508,99.18334313418363,4530.666666666667,0,0.0
570,C,Stacking,8.20470620962797,19.499906625323504,13.811291311670516,0.9073978714319079,92.04679268595105,7.0261914123114595,99.07298409826251,4530.666666666667,0,0.0
575,A,LightGBM,11.588105732734515,20.57796008707769,14.259368583825937,0.8833627283271863,84.005724410522,11.23074826223252,95.23647267275453,14674.0,0,0.0
575,A,MLP,11.410017461391545,20.6313315434859,14.220473728959112,0.8827569176623018,84.18972332015811,11.319340329835082,95.5090636499932,14674.0,0,0.0
575,A,Persistence,13.839310905514138,26.218987924606285,18.361319340329835,0.8106503275072312,76.36636227340875,21.262096224614965,97.62845849802372,14674.0,0,0.0
575,A,RandomForest,11.667772360817592,20.827196112315143,14.416091890607385,0.8805202448090689,83.69905956112852,11.496524465040206,95.19558402616873,14674.0,0,0.0
575,A,Ridge,12.078537567784256,22.318446471943727,15.492664711052855,0.8627979394976758,83.22202535096088,13.7045113806733,96.92653673163417,14674.0,0,0.0
575,A,Stacking,11.52166593178357,20.73802741853679,14.313084096285158,0.8815411260801027,84.27831538776067,11.326155104266048,95.60447049202672,14674.0,0,0.0
575,B,LightGBM,11.527469657235471,20.15836045691215,14.102829630575206,0.8861406758115208,84.21538680116502,10.96824607515806,95.18363287632309,14077.0,0,0.0
575,B,MLP,11.359422593009459,20.259158459395724,14.081281344341619,0.8849991656958531,84.40718903175393,11.046387724657242,95.45357675641117,14077.0,0,0.0
575,B,Persistence,13.946145939284666,26.021996039891345,18.407046956027564,0.8102685170156941,76.1952120480216,21.389500603821837,97.58471265184343,14077.0,0,0.0
575,B,RandomForest,11.609757112295938,20.407962188883026,14.258243662263258,0.8833035968485081,83.88150884421397,11.280812673154792,95.16232151736875,14077.0,0,0.0
575,B,Ridge,12.072915757557816,22.002565529699684,15.379364342633098,0.8643546736963572,83.31320593876536,13.539816722312993,96.85302266107836,14077.0,0,0.0
575,B,Stacking,11.470692508257512,20.325742740252174,14.166462337379226,0.8842419939583317,84.4711231086169,11.096114228883994,95.56723733750088,14077.0,0,0.0
575,C,LightGBM,13.599770469067055,23.393614442242548,16.72145933977546,0.8598445195821229,79.49552017348628,15.710780117559779,95.20630029104605,5841.0,0,0.0
575,C,MLP,13.40383515220497,23.61825812858461,16.640058965690105,0.857139830112831,79.91782229070364,15.356959424756035,95.2747817154597,5841.0,0,0.0
575,C,Persistence,13.841544012727221,26.278731044426564,18.580265936198142,0.8231422056843476,76.36249500656281,21.274895851167035,97.63739085772984,5841.0,0,0.0
575,C,RandomForest,13.530423840687286,23.47438116408965,16.666447056861195,0.8588750720000382,79.5468812417965,15.299891571078012,94.8467728128745,5841.0,0,0.0
575,C,Ridge,12.664878766467439,25.85504130890104,16.905179025745948,0.8287991428013121,82.72556069166238,14.894709809964047,97.62027050162642,5841.0,0,0.0
575,C,Stacking,12.94074839452414,22.993893851836862,16.250033113316537,0.8645931998645703,80.86514866175884,14.786280887975805,95.65142954973464,5841.0,0,0.0
584,A,LightGBM,10.280556925780164,25.68990203220942,17.57115047954159,0.8460085508535498,88.19602083055148,10.689010548804914,98.88503137935639,14978.0,0,0.0
584,A,MLP,10.44495694738443,26.33694219111783,17.738545331131498,0.8381538358884398,87.50834557350781,11.396715182267325,98.90506075577514,14978.0,0,0.0
584,A,Persistence,11.90928736797791,28.70785502341476,20.18220056082254,0.8077026946862013,84.18346908799573,14.781679797035652,98.96514888503138,14978.0,0,0.0
584,A,RandomForest,10.411791124669355,25.92759557804539,17.701345691726207,0.8431457835691814,87.96902123113901,10.835892642542396,98.8049138736814,14978.0,0,0.0
584,A,Ridge,10.554462953009095,26.9480531251285,18.220226544370576,0.8305558812586286,88.16931499532647,10.789157430898651,98.95847242622513,14978.0,0,0.0
584,A,Stacking,10.267763665093549,25.6796324127481,17.53799592104387,0.8461316433814633,88.20269728935773,10.695687007611163,98.89838429696889,14978.0,0,0.0
584,B,LightGBM,10.174522393374756,25.1999407111988,17.452364833430348,0.8502975290107337,88.37209302325581,10.596622369878183,98.968715393134,14448.0,0,1.0
584,B,MLP,10.33554822672843,25.810868245804155,17.611713620103124,0.8429510060373273,87.71456256921373,11.267995570321151,98.98255813953487,14448.0,0,1.0
584,B,Persistence,11.885640367644022,28.247407734924607,20.18611572535991,0.8119007220654382,84.18466223698782,14.846345514950166,99.03100775193798,14448.0,0,1.0
584,B,RandomForest,10.302959716452103,25.471009105221167,17.58002920354073,0.847059596005176,88.15753045404209,10.762735326688816,98.9202657807309,14448.0,0,1.0
584,B,Ridge,10.481085932792803,26.50184491946017,18.136867793347164,0.8344298098895058,88.26827242524917,10.741971207087486,99.01024363233665,14448.0,0,1.0
584,B,Stacking,10.168569676605687,25.192429292263306,17.428571306342555,0.8503867602037726,88.37209302325581,10.603543743078626,98.97563676633445,14448.0,0,1.0
584,C,LightGBM,11.079945803828743,26.54567608864612,18.724134246612312,0.8349839263995569,86.23198027159223,12.744173069961269,98.97615334155351,4948.666666666667,0,0.0
584,C,MLP,11.4333275973072,27.226117574441872,19.206208554505164,0.8264158551856898,84.91849511008768,14.071131688754969,98.98962679884265,4948.666666666667,0,0.0
584,C,Persistence,11.832929254358872,28.06548104584895,20.07833993396645,0.8155478922734801,84.20449441872239,14.926584628282285,99.13107904700468,4948.666666666667,0,0.0
584,C,RandomForest,11.072535004093249,26.610130365566437,18.713882559738426,0.8341816062379647,86.1848340587225,12.744170348050703,98.92900440677322,4948.666666666667,0,0.0
584,C,Ridge,12.772208253723983,33.28567324158153,21.799432585489544,0.7405501409758702,82.68893733889693,15.984104042309378,98.6730413812063,4948.666666666667,0,0.0
584,C,Stacking,10.997569010228235,26.545249327799326,18.64294956329682,0.8349892299652096,86.38690325513284,12.569042622397513,98.95594587753037,4948.666666666667,0,0.0
588,A,LightGBM,9.669345697042006,21.02796138936958,14.68404867617989,0.8254698490151728,88.25092346575076,11.042706240684337,99.2936297064351,15431.0,0,0.0
588,A,MLP,9.713224578170518,21.151614229169358,14.737750020610598,0.8234111994579572,88.31572807983929,10.971421165186962,99.28714924502626,15431.0,0,0.0
588,A,Persistence,11.30899221986678,24.219622433388388,17.259024042511825,0.7684680872569587,84.34968569762167,14.969865854448837,99.31955155207051,15431.0,0,0.0
588,A,RandomForest,9.752546127218764,21.235285177047608,14.79333987601633,0.8220113463665806,88.28332577279502,11.016784395048928,99.30011016784395,15431.0,0,0.0
588,A,Ridge,10.314648169131999,22.287313496906695,15.525468429050612,0.803938840598797,86.87706564707408,12.442485904996436,99.31955155207051,15431.0,0,0.0
588,A,Stacking,9.696301027825003,21.121094367289366,14.73442814198301,0.8239204350641339,88.15371654461798,11.126952238999417,99.2806687836174,15431.0,0,0.0
588,B,LightGBM,9.642326073995692,20.880596450562212,14.646843441586585,0.827850916432135,88.30923537840302,11.032955581607398,99.34219096001041,15354.0,0,0.0
588,B,MLP,9.674933991947071,20.964755524589506,14.687999655774808,0.8264604289334997,88.39390386869871,10.961313012895662,99.35521688159437,15354.0,0,0.0
588,B,Persistence,11.290985637189017,24.07687229690366,17.229842386348835,0.7711140927395594,84.38192002084148,14.98632278233685,99.36824280317833,15354.0,0,0.0
588,B,RandomForest,9.724220368603358,21.083704905593148,14.754027163033953,0.8244855921836076,88.35482610394685,11.006903738439494,99.36172984238634,15354.0,0,0.0
588,B,Ridge,10.29367117403049,22.14658848984866,15.492187923427458,0.8063432732393984,86.93500065129608,12.426729191090269,99.36172984238635,15354.0,0,0.0
588,B,Stacking,9.669738697691074,20.971808529128854,14.69735460758807,0.8263436442405265,88.2050280057314,11.124137032695064,99.32916503842647,15354.0,0,0.0
588,C,LightGBM,11.034618766680879,22.68067732143233,16.336603822555364,0.7934811644924548,85.2455166149593,14.010312999062107,99.25582961402142,5688.666666666667,0,0.0
588,C,MLP,11.490326802778412,24.21092583639143,17.097339816107887,0.764672541276227,83.82163698015853,15.29356316962757,99.1152001497861,5688.666666666667,0,0.0
588,C,Persistence,11.390835019342498,24.033378012560192,17.303468729637316,0.7681124467572022,83.90366765812608,15.469355407994486,99.37302306612055,5688.666666666667,0,0.0
588,C,RandomForest,10.822419425211828,22.55197137320305,16.161122149025427,0.7958178758459714,85.79632728197801,13.453644101591172,99.24997138356919,5688.666666666667,0,0.0
588,C,Ridge,12.298410176438969,27.27874890822075,18.5518925747147,0.7012543520901088,82.50908535624099,16.787764232255157,99.29684958849613,5688.666666666667,0,0.0
588,C,Stacking,10.943626663637652,22.708520541557643,16.323277961472936,0.7929736638039552,85.32169524312924,13.969291994478285,99.29098723760752,5688.666666666667,0,0.0
591,A,LightGBM,12.324305627455711,23.16866647134505,16.059460477324897,0.8345329671400553,83.26500732064422,13.777452415812592,97.0424597364568,13660.0,0,0.0
591,A,MLP,12.534612552707399,23.52811320124546,16.314564719528406,0.8293589141473559,82.73792093704246,14.355783308931185,97.09370424597364,13660.0,0,0.0
591,A,Persistence,14.445106532453133,27.629055620756848,19.666032210834555,0.7646894031705254,77.2108345534407,20.497803806734993,97.7086383601757,13660.0,0,0.0
591,A,RandomForest,12.500382775009575,23.40826163256984,16.3010278990061,0.8310929683567839,82.69399707174232,14.421669106881405,97.11566617862373,13660.0,0,0.0
591,A,Ridge,12.964256006847583,24.768031848201105,17.19969590151616,0.8108996211828259,81.37628111273793,16.112737920937043,97.48901903367496,13660.0,0,0.0
591,A,Stacking,12.335354401052632,23.260256003687235,16.136913504557842,0.8332221447524184,83.199121522694,13.960468521229869,97.15959004392387,13660.0,0,0.0
591,B,LightGBM,12.113293609487277,22.450018769963588,15.875997740271306,0.843010120086372,83.4844655864427,13.79515385758882,97.27961944403151,13454.0,0,1.0
591,B,MLP,12.302291278061407,22.82469712968726,16.116122645536485,0.837726244484915,82.99390515831723,14.3451761557901,97.33908131410733,13454.0,0,1.0
591,B,Persistence,14.357353758539565,27.06109814023396,19.5639215103315,0.7718980106183035,77.33759476735543,20.53664337743422,97.87423814478964,13454.0,0,1.0
591,B,RandomForest,12.31093791126703,22.709326310641472,16.126435447607637,0.839362572036841,82.91214508696298,14.426936227144344,97.33908131410732,13454.0,0,1.0
591,B,Ridge,12.8315529548451,24.145819676910556,17.06154154578974,0.8183973647608925,81.49249293890293,16.143897725583468,97.6363906644864,13454.0,0,1.0
591,B,Stacking,12.13925389110899,22.555325347935938,15.961519156850862,0.841533877167876,83.4175709826074,13.980972201575739,97.39854318418314,13454.0,0,1.0
591,C,LightGBM,13.916147194667703,24.687315494834888,17.74598692313741,0.8118314054678858,79.89700988357164,16.81767613996026,96.71468602353191,5113.666666666667,0,0.0
591,C,MLP,14.747843120755837,25.777592664611547,18.413986504318448,0.7948439744494267,78.65198613007803,17.632480206059252,96.28446633613727,5113.666666666667,0,0.0
591,C,Persistence,14.426308271128471,27.072840493375967,19.573363522355024,0.7737091684564591,77.21139522771038,20.559284573971993,97.77067980168238,5113.666666666667,0,0.0
591,C,RandomForest,13.811944115007401,24.472579196068413,17.70056776347342,0.8150905715084941,80.26856579906048,16.602563747160378,96.87112954622087,5113.666666666667,0,0.0
591,C,Ridge,14.606536929734885,28.822259799768847,19.502067050972695,0.743518854901955,78.86056899665475,18.981813236559205,97.84238223321394,5113.666666666667,0,0.0
591,C,Stacking,13.584402033008246,24.445922653478252,17.538205912795338,0.8154932323808431,80.3924177708901,16.615599857683605,97.00801762857371,5113.666666666667,0,0.0
596,A,LightGBM,9.052748475529288,18.424095332370523,12.137150213030813,0.8630505969194082,89.76066749615751,8.570592110078314,98.33125960623582,13663.0,0,0.0
596,A,MLP,9.143502915738523,18.572653061499487,12.2043893514587,0.8608331838266263,89.48986313401156,8.899948766742297,98.38981190075386,13663.0,0,0.0
596,A,Persistence,10.706447121171287,21.58722979177053,14.793090829246871,0.8119897060605009,85.68396399033887,13.15962819292981,98.84359218326868,13663.0,0,0.0
596,A,RandomForest,9.22694524634534,18.805398123094257,12.390508204233225,0.8573233631459591,89.59232964941813,8.724291883188172,98.3166215326063,13663.0,0,0.0
596,A,Ridge,9.785765454113017,19.564601736181608,13.047498965591485,0.8455706573889534,88.7652784893508,9.873380663104735,98.63865915245555,13663.0,0,0.0
596,A,Stacking,9.009113913506148,18.470690550496098,12.1437880204403,0.8623570207819931,89.96560052697065,8.45348752104223,98.41908804801288,13663.0,0,0.0
596,B,LightGBM,8.900658603986802,17.57795828038771,11.976127596237392,0.8742163024837566,90.00371333085778,8.458967694021537,98.46268102487932,13465.0,0,1.0
596,B,MLP,8.949145923353955,17.757314610366745,12.017439310345095,0.8716363443609199,89.81062012625326,8.756034162643891,98.56665428889714,13465.0,0,1.0
596,B,Persistence,10.614253086218378,20.80967811632041,14.693650204233197,0.8237138376698326,85.80764946156702,13.152617898254734,98.96026735982176,13465.0,0,1.0
596,B,RandomForest,9.078431788103156,17.922953755267983,12.233420642394233,0.8692304387205236,89.81062012625326,8.63720757519495,98.4478277014482,13465.0,0,1.0
596,B,Ridge,9.643719608122408,18.6525858478191,12.894975037743121,0.8583666285507423,88.92684738210174,9.80319346453769,98.73004084663943,13465.0,0,1.0
596,B,Stacking,8.865160819208546,17.60312918578285,11.990321738956288,0.8738558105137346,90.17452655031563,8.354994430003714,98.52952098031935,13465.0,0,1.0
596,C,LightGBM,10.483080944702552,19.91906254615963,13.998180227170593,0.8398410599517367,86.19978857016277,11.930018842624301,98.12980741278709,6630.333333333333,0,0.0
596,C,MLP,10.363189531137515,19.921677098005578,13.722582149332714,0.8397990147322175,86.60700792383011,11.402141902685173,98.00914982651528,6630.333333333333,0,0.0
596,C,Persistence,10.568719571064856,20.952915981856435,14.731184912141627,0.8227842428663945,85.94841960985464,12.965662113699148,98.91408172355379,6630.333333333333,0,0.0
596,C,RandomForest,10.534673173718014,20.082345936241758,14.03731901934245,0.8372045423871061,86.01880370739225,12.005428317407011,98.02423202479925,6630.333333333333,0,0.0
596,C,Ridge,10.64397579863398,21.669790888406933,14.51382407897502,0.8104504140968212,86.09421318217495,12.533306773983306,98.62751995615827,6630.333333333333,0,0.0
596,C,Stacking,10.304497288012563,19.818043007470532,13.880730425904806,0.8414614321663839,86.76788521107157,11.48257978798732,98.2504649990589,6630.333333333333,0,0.0
