model,condition,MARD_mean,MARD_std,RMSE_mean,RMSE_std,MAE_mean,MAE_std,R2_mean,R2_std,EGA_A_mean,EGA_A_std,EGA_B_mean,EGA_B_std,EGA_A+B_mean,EGA_A+B_std,n_samples_mean,n_samples_std
LightGBM,A,10.024184775543896,1.5177053481061158,20.325447981173024,2.6602542530582585,14.230185276227507,1.7613801199542438,0.8753062124955054,0.028346818568843943,87.74527542907781,3.5182231754072286,10.262430374282097,2.740076209745208,98.0077058033599,1.1759291371250855,13948.0,1063.8252590619297
LightGBM,B,9.973654182818281,1.4905467704450586,20.07754397305727,2.5914739739855546,14.171116884160305,1.7478392039894841,0.8781131682632893,0.026430331061609684,87.83966076975453,3.4953066208575376,10.208431289847047,2.73311375057117,98.04809205960157,1.192771095835511,13652.5,1087.490146245849
LightGBM,C,11.568134527684764,1.8143016349055592,22.37496745052513,2.6520254617011276,16.10146306265646,1.7948431716665432,0.8503475165106865,0.02983795238713558,84.08040967964588,4.376839526911968,13.705935968223846,3.3366893160929876,97.78634564786972,1.304853911386879,5266.63888888889,846.6309758444107
MLP,A,10.031267233400722,1.4529861205507986,20.5320580420839,2.777734780002699,14.29460082530462,1.7913506959929195,0.872604390716583,0.03000675141014786,87.62480394374307,3.3815005972222743,10.599109694557228,2.676352476537999,98.2239136383003,1.1030840434774611,13948.0,1063.8252590619297
MLP,B,9.96871301686991,1.4174832987388206,20.281461158619347,2.693223503045974,14.22469475431057,1.7720233758380528,0.8754837623323959,0.0279224880408115,87.74474217009009,3.348332992948112,10.529219697927875,2.665040841478412,98.27396186801796,1.1126153771908769,13652.5,1087.490146245849
MLP,C,11.72295807856891,1.7731107805893906,22.96351618756924,2.6876158126277714,16.343309993712648,1.861406053969102,0.8415764986065764,0.03619154006109179,83.69313477926566,3.993280260217188,14.084913077371146,3.0655978591313375,97.77804785663682,1.258878730632371,5266.63888888889,846.6309758444107
Persistence,A,12.114547639536802,1.9230457062908797,24.816663235975238,3.1020623997203756,17.684475501314733,2.224426676549394,0.8143447151566204,0.03679530521275359,81.81312205827365,5.125999761323139,16.7959323051109,4.531443047527433,98.60905436338454,0.6756327660335357,13948.0,1063.8252590619297
Persistence,B,12.139840581417921,1.9301778040535271,24.66135381991435,3.1026708433565156,17.720322701088172,2.2393233385237648,0.8161662984391503,0.03575823812937705,81.7717824014905,5.160493674077679,16.86532146273765,4.553309549860748,98.63710386422815,0.6870154361859411,13652.5,1087.490146245849
Persistence,C,12.13564986963942,1.9463017779967462,24.66300637778878,3.111143633268023,17.724029047829116,2.2617377588326475,0.8181206378962255,0.036081927345661104,81.798944622169,5.2299874616015485,16.82972905689417,4.604139116804908,98.62867367906318,0.7212529041151116,5266.63888888889,846.6309758444107
RandomForest,A,10.128674087574696,1.5426555458848394,20.58277285247785,2.655035727327629,14.40404423671219,1.7595092543178894,0.8720888263934765,0.028916326246607293,87.47907944170073,3.722402016657262,10.542902295119367,2.9018674497183894,98.02198173682011,1.1991160852532714,13948.0,1063.8252590619297
RandomForest,B,10.081269225489025,1.5143957139081368,20.341132055658495,2.590297529941659,14.346977595541718,1.7432310739124453,0.8748560810548253,0.02695221618425788,87.57481263049932,3.696078277629438,10.492352700399833,2.8882690744750437,98.06716533089916,1.2151469234293824,13652.5,1087.490146245849
RandomForest,C,11.48957628226374,1.775192671790063,22.356423920009092,2.51519938149822,16.058230406903377,1.7175929646251624,0.8505442245531363,0.02893573583692916,84.21981647873021,4.223559882519061,13.449519810234916,3.1138664772511078,97.66933628896511,1.3862671736036827,5266.63888888889,846.6309758444107
Ridge,A,10.70393923349115,1.549314756184076,21.656629484088203,2.7117076766145187,15.290138262672805,1.746826336172657,0.8585886384508891,0.03092878720605719,86.4423938800319,3.9235867252052206,11.920953493632732,3.299358627073998,98.36334737366464,0.7961577201377259,13948.0,1063.8252590619297
Ridge,B,10.682863603478596,1.5431995577044149,21.444151594866838,2.6642811979591867,15.259734532026654,1.7474328018094514,0.8610996459784102,0.028995274019469837,86.46918389412453,3.9383939095459337,11.912879682160408,3.311351573188859,98.38206357628495,0.8140140963814484,13652.5,1087.490146245849
Ridge,C,11.867019090841994,1.6507666471344633,25.079190603388298,3.7771176475455457,17.152739480801063,2.265630756971173,0.8107022752691796,0.053388861895646164,83.72164148930548,3.8677994481867506,14.902082693398002,3.5405223129924654,98.62372418270348,0.5639949776872318,5266.63888888889,846.6309758444107
Stacking,A,10.027041348901486,1.5390915243951362,20.421662275397072,2.658119936329188,14.284314807984702,1.7752467874767275,0.8741170883028605,0.02851681805658607,87.74543884768723,3.61249384688969,10.356145606716206,2.873848378281043,98.10158445440344,1.0922793177545393,13948.0,1063.8252590619297
Stacking,B,9.982461319068019,1.514563691279115,20.17785340207197,2.5933994635678626,14.23156783563221,1.7633267840521285,0.8768846997922433,0.02663250080204196,87.83786313211738,3.5926792651443793,10.30311771745326,2.871144547425007,98.14098084957065,1.1027215650322872,13652.5,1087.490146245849
Stacking,C,11.269552411225616,1.6553269731381253,22.15537874894373,2.5505917794864144,15.87335544365744,1.7073874952211834,0.8531032800495528,0.029933587303666374,84.74482402056593,4.058697164816795,13.238097359906845,3.188320136661732,97.98292138047277,1.165933123613141,5266.63888888889,846.6309758444107
