metric,model,ohio_A,ohio_B,ohio_C,hupa_main,eval_rule_effect,sampling_effect,remaining_effect,total_gap
MARD,Persistence,12.114547639536802,12.139840581417921,12.13564986963942,13.033134582380605,0.02529294188111919,-0.0041907117785005,0.8974847127411838,0.9185869428438025
MARD,Ridge,10.70393923349115,10.682863603478596,11.867019090841994,12.22406142119331,-0.02107563001255386,1.1841554873633982,0.35704233035131594,1.5201221877021602
MARD,RandomForest,10.128674087574696,10.081269225489025,11.48957628226374,13.242414256908171,-0.04740486208567063,1.4083070567747153,1.7528379746444305,3.113740169333475
MARD,MLP,10.031267233400722,9.96871301686991,11.72295807856891,14.213608090402015,-0.06255421653081328,1.7542450616990006,2.4906500118331056,4.182340857001293
MARD,LightGBM,10.024184775543896,9.973654182818281,11.568134527684764,13.376561355283338,-0.050530592725614554,1.5944803448664828,1.8084268275985735,3.352376579739442
MARD,Stacking,10.027041348901486,9.982461319068019,11.269552411225616,12.825068522283216,-0.044580029833467094,1.2870910921575973,1.5555161110575995,2.7980271733817297
RMSE,Persistence,24.816663235975238,24.66135381991435,24.66300637778878,24.440734919681045,-0.15530941606088788,0.0016525578744293057,-0.22227145810773408,-0.37592831629419265
RMSE,Ridge,21.656629484088203,21.444151594866838,25.079190603388298,21.98116457025915,-0.2124778892213648,3.63503900852146,-3.0980260331291483,0.32453508617094684
RMSE,RandomForest,20.58277285247785,20.341132055658495,22.356423920009092,22.049888314560167,-0.2416407968193539,2.0152918643505977,-0.306535605448925,1.4671154620823188
RMSE,MLP,20.5320580420839,20.281461158619347,22.96351618756924,23.80919218126071,-0.2505968834645529,2.6820550289498932,0.8456759936914686,3.277134139176809
RMSE,LightGBM,20.325447981173024,20.07754397305727,22.37496745052513,21.950561657280662,-0.24790400811575353,2.2974234774678592,-0.4244057932444676,1.6251136761076381
RMSE,Stacking,20.421662275397072,20.17785340207197,22.15537874894373,21.455162736347905,-0.2438088733251007,1.977525346871758,-0.7002160125958241,1.0335004609508331
