evaluation,model,MARD_mean,MARD_std,RMSE_mean,RMSE_std,MAE_mean,MAE_std,R2_mean,R2_std,EGA_A+B_mean,EGA_A+B_std
Ohio Official Test,Persistence,11.365925606874505,2.1511192317592966,23.42218466242773,2.938843278076477,16.95519902100837,2.1313433383788887,0.8219486289417545,0.04586615316195592,98.95639964745017,0.6452302047551213
Ohio Official Test,Ridge,9.958085918696645,1.7953593395633114,20.227468274092057,2.269673520236596,14.536762034137444,1.4797751821483935,0.8674740142312135,0.03302870515296454,98.55297123621528,1.0377643257635838
Ohio Official Test,RandomForest,9.235673644066877,1.6978428811779815,19.228530060968495,2.1909465232557217,13.554243425576367,1.4763485687552598,0.8801091340948207,0.03068337946980345,98.40225950919977,1.279001948330675
Ohio Official Test,MLP,9.274434813809327,1.6104178127292332,19.42589836529206,2.3282355260778145,13.650758016282808,1.4939326322817754,0.8769398789884276,0.0346811246009451,98.54629234405036,1.1486537222677657
Ohio Official Test,LightGBM,9.080893727595845,1.7155116098837733,18.924831386950384,2.1755303267520354,13.307465202207448,1.491362203422769,0.8837353039281894,0.03036351953083946,98.42958641034971,1.1995334241202982
Ohio Official Test,Stacking,9.101502388816527,1.7070455415864294,19.007258022041942,2.214388118851321,13.375680547154461,1.5041624759525623,0.8827342403473647,0.030529073953037143,98.47595103384894,1.1539777683722543
Ohio LOSO,Stacking,10.028726239945842,1.5448693651617844,20.420408434099237,2.6692279432404145,14.285038690684075,1.7835554700081688,0.8741208592343224,0.0286191942463088,98.09287903149684,1.1130121443303445
Ohio LOSO,MLP,10.03126723340072,1.452986120550799,20.5320580420839,2.7777347800026995,14.29460082530462,1.79135069599292,0.8726043907165831,0.0300067514101478,98.2239136383003,1.103084043477463
Ohio LOSO,LightGBM,10.032830234491827,1.5216901404728325,20.334288544070557,2.6568165625989826,14.240231077860791,1.7615062248540203,0.8751765297395284,0.0284299161054971,97.99874010076476,1.1947076413162758
Ohio LOSO,RandomForest,10.128674087574694,1.5426555458848403,20.58277285247785,2.655035727327631,14.404044236712188,1.7595092543178898,0.8720888263934764,0.0289163262466072,98.02198173682012,1.199116085253272
Ohio LOSO,Ridge,10.70393923349116,1.5493147561840663,21.6566294840882,2.7117076766145485,15.290138262672803,1.746826336172654,0.8585886384508892,0.0309287872060572,98.36334737366464,0.7961577201377301
Ohio LOSO,Persistence,12.114547639536802,1.9230457062908792,24.81666323597524,3.102062399720376,17.684475501314726,2.224426676549395,0.8143447151566204,0.0367953052127535,98.60905436338452,0.6756327660335367
