patient,model,RMSE,MAE,R2,MARD,EGA_A,EGA_B,EGA_A+B,n_test_samples
540,Persistence,26.812805608074168,19.58972294895016,0.787569701657687,15.062798180160303,73.37492453209902,24.216810894210774,97.59173542630978,14907
540,Ridge,22.086975669712302,16.508814243648793,0.8558533859492381,13.198350838441012,79.46602267391158,17.850674179915476,97.31669685382704,14907
540,RandomForest,20.743134478607445,15.237161067846817,0.8728604395329274,12.24240684882847,81.27725229757831,15.6369490843228,96.91420138190112,14907
540,MLP,20.078224093235427,14.64785438263758,0.8808805898956107,11.545930398621485,83.0146910847253,14.932582008452403,97.9472730931777,14907
540,LightGBM,20.346133705518564,15.00171138620754,0.8776804912576014,12.108374862459058,82.06882672569934,14.85879117193265,96.927617897632,14907
540,Stacking,20.67332371793484,15.199069209411403,0.8737147726996117,12.20839303200302,81.57912390152278,15.51620044274502,97.0953243442678,14907
544,Persistence,23.49642302439551,17.33109168347904,0.8407336780566694,10.824378834147645,85.27983262347755,14.114921915863409,99.39475453934095,13383
544,Ridge,20.60134351388824,15.024839558040519,0.8775633232693298,9.836108171499733,88.13420010461033,10.999028618396473,99.1332287230068,13383
544,RandomForest,18.806229074787336,13.517686883306794,0.8979709390937123,8.659277090825517,91.25009340207727,7.980273481282223,99.2303668833595,13383
544,MLP,19.135874191449886,13.666398427585232,0.8943627566098689,8.75239738727317,90.83912426212359,8.45849211686468,99.29761637898827,13383
544,LightGBM,18.812834351703508,13.505496367122653,0.8978992555520806,8.661634705913652,91.0857057460958,8.15213330344467,99.23783904954047,13383
544,Stacking,18.829614359524786,13.5508186198509,0.8977170378892817,8.678073757304174,91.16042740790556,8.092355973996861,99.25278338190242,13383
552,Persistence,23.181347690234418,16.50542111197849,0.8183699576559564,11.981763742510447,81.01309740654003,17.56440281030445,98.57750021684447,11529
552,Ridge,18.99011460562759,14.136631433379904,0.8781107249916892,10.666056078083917,85.93113019342528,12.360135310954982,98.29126550438026,11529
552,RandomForest,18.166783750275815,13.118007995775642,0.8884508114074938,9.730683968059157,87.6485384682106,10.399861219533351,98.04839968774395,11529
552,MLP,17.863635173010916,13.078760089618584,0.8921425859309823,9.86959725642053,87.22352328909706,10.590684361176164,97.81420765027322,11529
552,LightGBM,17.86421752337417,12.925551775757727,0.8921355535629941,9.62080331588738,88.23835545147021,9.79269667794258,98.03105212941279,11529
552,Stacking,18.002198664297467,12.988736956181334,0.8904628536366568,9.633827500586404,88.02151097233065,10.04423627374447,98.06574724607512,11529
559,Persistence,28.495899966888494,20.082173327346204,0.832788780978277,13.180971347770159,78.73072893279449,19.46564885496183,98.19637778775632,13362
559,Ridge,23.93177646591604,16.724360142208738,0.8820628759071725,11.215298546027237,84.29875767100734,13.845232749588385,98.14399042059573,13362
559,RandomForest,23.045229472083516,15.881706642864739,0.890638934769111,10.63732761802536,85.42882801975752,12.65529112408322,98.08411914384074,13362
559,MLP,22.761998880592248,15.575242181464153,0.8933105556677318,10.46688599465819,85.60844185002246,12.318515192336477,97.92695704235894,13362
559,LightGBM,22.84263154406002,15.732682927458653,0.892553338234232,10.53904481685098,85.5934740308337,12.318515192336477,97.91198922317018,13362
559,Stacking,22.87737642197462,15.771680204845737,0.8922262252784585,10.541161375482545,85.68328094596617,12.385870378685825,98.069151324652,13362
563,Persistence,20.45974372514197,14.921661801642793,0.8306283798675698,10.629804306891888,86.11092254429434,12.993007942434323,99.10393048672866,14731
563,Ridge,17.27858449715351,12.438464749672024,0.8792028786169603,9.083739434635282,90.87638313760098,7.983164754599144,98.85954789220013,14731
563,RandomForest,16.704919083375554,11.982534788175274,0.8870908818686805,8.714353612912236,91.51449324553663,7.378996673681352,98.89348991921798,14731
563,MLP,16.8469058146778,12.05495668550276,0.885163338444507,8.722889829615532,91.55522367795805,7.562283619577761,99.11750729753581,14731
563,LightGBM,16.494632553744875,11.834033625675856,0.8899156573516972,8.635210645409034,91.6366845428009,7.148190889959948,98.78487543276084,14731
563,Stacking,16.440547290956896,11.782973592657077,0.8906363983819715,8.56718536876095,91.70456859683661,7.154979295363519,98.85954789220013,14731
567,Persistence,27.075660423045186,19.502480084172554,0.7954936148019054,13.204551338418655,78.31053660003006,20.359236434691116,98.66977303472117,13306
567,Ridge,21.73583449420296,15.613063465644206,0.8682042541767745,10.955123264789147,86.78039981963025,11.288140688411243,98.0685405080415,13306
567,RandomForest,21.32429306933987,15.049430095333134,0.8731477892986172,10.667365591134102,86.88561551179919,10.52908462347813,97.41470013527731,13306
567,MLP,21.845872013742415,15.275538746433366,0.866866446207419,10.545740056938287,87.48684803847888,10.777093040733504,98.26394107921239,13306
567,LightGBM,20.98809036294449,14.852806940590213,0.8771162076542323,10.615835657381519,87.43424019239441,9.912821283631445,97.34706147602586,13306
567,Stacking,21.175636005406147,14.97993375659937,0.8749102624557195,10.668999438107194,87.32150909364196,10.17586051405381,97.49736960769577,13306
570,Persistence,19.9153275999863,14.019488074461897,0.9030522501799625,8.281159777559271,91.14310645724258,8.16608493310064,99.30919139034322,13752
570,Ridge,19.368477884195997,13.549931007897706,0.9083032785726254,7.794924317531453,93.41186736474694,5.802792321116929,99.21465968586386,13752
570,RandomForest,17.998948678192406,12.459689805654639,0.9208124145036021,7.333236687050876,93.50639906922629,5.439208842350204,98.94560791157649,13752
570,MLP,17.631532111780096,12.020736238725446,0.9240123648601964,7.225451421889052,93.5282140779523,5.606457242582897,99.13467132053519,13752
570,LightGBM,17.718206291244883,12.28337831261996,0.9232634391032181,7.256905470443535,93.44822571262362,5.461023851076207,98.90924956369983,13752
570,Stacking,17.743441564265343,12.263359646441671,0.9230446983292615,7.204600338023283,93.717277486911,5.293775450843514,99.01105293775451,13752
575,Persistence,26.218987924606285,18.361319340329835,0.8106503275072312,13.839310905514138,76.36636227340875,21.262096224614965,97.62845849802372,14674
575,Ridge,22.318446471943748,15.492664711052877,0.8627979394976755,12.078537567784297,83.22202535096088,13.7045113806733,96.92653673163417,14674
575,RandomForest,20.827196112315143,14.41609189060738,0.8805202448090689,11.667772360817592,83.69905956112852,11.496524465040206,95.19558402616873,14674
575,MLP,20.6313315434859,14.220473728959108,0.8827569176623018,11.410017461391545,84.18972332015811,11.319340329835082,95.5090636499932,14674
575,LightGBM,20.57386617325342,14.249450244770502,0.8834091328724502,11.582733965128437,84.12157557584844,11.121711871337059,95.2432874471855,14674
575,Stacking,20.735844540289076,14.296679914774716,0.8815660626552955,11.50994515830795,84.06705738040071,11.482894916178275,95.549952296579,14674
584,Persistence,28.70785502341476,20.18220056082254,0.8077026946862012,11.90928736797791,84.18346908799573,14.781679797035652,98.96514888503138,14978
584,Ridge,26.948053125128585,18.220226544370572,0.8305558812586274,10.554462953009066,88.16931499532647,10.789157430898651,98.95847242622513,14978
584,RandomForest,25.927595578045395,17.701345691726207,0.8431457835691812,10.411791124669353,87.96902123113901,10.835892642542396,98.8049138736814,14978
584,MLP,26.33694219111783,17.738545331131498,0.8381538358884397,10.44495694738443,87.50834557350781,11.396715182267325,98.90506075577514,14978
584,LightGBM,25.70274387637822,17.57600676560317,0.8458545581715413,10.281740492186373,88.25610895980772,10.622245960742422,98.87835492055014,14978
584,Stacking,25.704149930670305,17.555835959144446,0.8458376928291199,10.272798459449948,88.20269728935773,10.689010548804914,98.89170783816265,14978
588,Persistence,24.219622433388388,17.259024042511825,0.7684680872569587,11.30899221986678,84.34968569762167,14.969865854448837,99.31955155207051,15431
588,Ridge,22.28731349690667,15.525468429050624,0.8039388405987975,10.314648169132047,86.87706564707408,12.442485904996436,99.31955155207051,15431
588,RandomForest,21.23528517704761,14.79333987601633,0.8220113463665806,9.752546127218766,88.28332577279502,11.016784395048928,99.30011016784395,15431
588,MLP,21.151614229169358,14.737750020610598,0.8234111994579572,9.713224578170516,88.31572807983929,10.971421165186962,99.28714924502626,15431
588,LightGBM,21.05783350764046,14.693499292469804,0.8249736251159708,9.677806880759892,88.27036484997731,11.062147624910894,99.3325124748882,15431
588,Stacking,21.123238272442304,14.73285645707456,0.823884687196238,9.696110832148918,88.19259931307109,11.094549931955155,99.28714924502624,15431
591,Persistence,27.629055620756848,19.666032210834555,0.7646894031705254,14.445106532453133,77.2108345534407,20.497803806734993,97.7086383601757,13660
591,Ridge,24.76803184820108,17.199695901516176,0.8108996211828262,12.964256006847648,81.37628111273793,16.112737920937043,97.48901903367496,13660
591,RandomForest,23.40826163256984,16.301027899006105,0.8310929683567839,12.500382775009575,82.69399707174232,14.421669106881405,97.11566617862373,13660
591,MLP,23.52811320124546,16.31456471952841,0.8293589141473559,12.534612552707399,82.73792093704246,14.355783308931185,97.09370424597364,13660
591,LightGBM,23.15869682850936,16.075886818523358,0.8346753397960939,12.343828923223178,83.20644216691069,13.850658857979502,97.05710102489019,13660
591,Stacking,23.25749236592837,16.14433910187521,0.8332617733959382,12.343149936964595,83.16983894582724,13.98243045387994,97.15226939970718,13660
596,Persistence,21.58722979177053,14.793090829246871,0.8119897060605009,10.706447121171287,85.68396399033887,13.15962819292981,98.84359218326868,13663
596,Ridge,19.564601736181636,13.047498965591538,0.845570657388953,9.78576545411309,88.7652784893508,9.873380663104735,98.63865915245555,13663
596,RandomForest,18.805398123094257,12.390508204233225,0.8573233631459591,9.22694524634534,89.59232964941813,8.724291883188172,98.3166215326063,13663
596,MLP,18.572653061499487,12.204389351458698,0.8608331838266263,9.14350291573852,89.48986313401156,8.899948766742297,98.38981190075386,13663
596,LightGBM,18.451575810474647,12.152268477530052,0.8626417582022297,9.070043078258875,89.70211520163946,8.6218253677816,98.32394056942105,13663
596,Stacking,18.482038075500636,12.154180869352501,0.8621878460643169,9.02046968221111,89.9582814901559,8.42421137378321,98.3824928639391,13663
