patient,in_main,model,MARD,RMSE,MAE,R2,EGA_A,EGA_B,EGA_A+B,n_samples
HUPA0001P,True,Persistence,15.884382487403212,34.415282222952015,26.126860841423948,0.7755557184709057,70.09708737864078,27.508090614886733,97.60517799352752,1545
HUPA0001P,True,Ridge,14.149249329617724,32.15159866434833,23.18888529519881,0.8041105628982943,77.54045307443366,21.035598705501616,98.57605177993527,1545
HUPA0001P,True,RandomForest,14.56157771694914,30.663895317625247,23.155904571237652,0.8218193572051109,74.3042071197411,23.106796116504853,97.41100323624595,1545
HUPA0001P,True,MLP,15.377539506776532,31.73933774261408,24.06214490616805,0.8091019045442814,73.52750809061489,24.271844660194176,97.79935275080906,1545
HUPA0001P,True,LightGBM,14.770827837548003,30.419557337083305,23.158588372865424,0.8246476243672841,73.85113268608414,23.624595469255663,97.47572815533981,1545
HUPA0001P,True,Stacking,14.23847550745299,29.971139969504527,22.602910444360305,0.8297792899074127,75.14563106796116,22.33009708737864,97.4757281553398,1545
HUPA0002P,True,Persistence,13.535031417784454,20.575698651564664,14.5,0.8763043844560725,80.29513888888889,16.75347222222222,97.04861111111111,1152
HUPA0002P,True,Ridge,14.87919832573758,17.94041785306805,13.784114162000593,0.9059605170018771,80.46875,14.756944444444445,95.22569444444444,1152
HUPA0002P,True,RandomForest,17.902949626327295,20.157941987733306,15.479345100291665,0.8812762770554516,75.0,15.190972222222221,90.19097222222223,1152
HUPA0002P,True,MLP,19.35433095762618,21.28337027443571,16.331701706680082,0.8676493964601413,75.34722222222223,15.364583333333334,90.71180555555556,1152
HUPA0002P,True,LightGBM,18.24738550029695,19.391754824639175,15.396411059207399,0.8901299434692095,76.73611111111111,14.583333333333334,91.31944444444444,1152
HUPA0002P,True,Stacking,17.64014362364825,18.900338091809406,14.955644195815621,0.8956279362975706,78.03819444444444,13.802083333333334,91.84027777777777,1152
HUPA0003P,True,Persistence,13.92417186702122,24.697834709721235,18.666892808683855,0.850217310266886,76.05156037991858,22.59158751696065,98.64314789687924,1474
HUPA0003P,True,Ridge,12.507354910778718,21.88216779633346,16.22977170984034,0.8824224101694615,81.6146540027137,16.28222523744912,97.89687924016283,1474
HUPA0003P,True,RandomForest,12.911150823040863,21.239241470364853,16.247142447782362,0.8892300727287845,79.1044776119403,17.639077340569877,96.74355495251018,1474
HUPA0003P,True,MLP,13.592311679594216,22.42802849709927,17.180176208625415,0.8764831907805396,78.90094979647219,18.385345997286297,97.28629579375848,1474
HUPA0003P,True,LightGBM,12.838435856937865,20.994516689673517,16.072221667609043,0.8917680138491207,79.91858887381275,16.960651289009498,96.87924016282224,1474
HUPA0003P,True,Stacking,12.433848860241712,20.74945586994465,15.76392831510361,0.8942799669331947,81.0719131614654,16.21438263229308,97.28629579375848,1474
HUPA0004P,True,Persistence,15.211824782087358,32.82428574911812,24.0194624652456,0.850608813749667,75.44022242817424,21.408711770157552,96.84893419833179,1079
HUPA0004P,True,Ridge,12.181049782215366,26.64868301692508,18.773512334494512,0.9015340878501107,86.83966635773865,11.955514365152919,98.79518072289157,1079
HUPA0004P,True,RandomForest,14.320382989437274,27.69884778068262,20.810573289780848,0.8936205321038979,80.53753475440223,14.921223354958295,95.45875810936053,1079
HUPA0004P,True,MLP,15.782832488598755,31.236979479933353,22.0785336722704,0.8647078896931228,78.68396663577387,16.218721037998147,94.90268767377202,1079
HUPA0004P,True,LightGBM,14.600631003059107,27.607066073813126,20.54351870996503,0.894324352923235,81.00092678405932,13.901760889712698,94.90268767377202,1079
HUPA0004P,True,Stacking,13.87855552756113,26.776658012112136,19.925151114155405,0.900586091137345,82.20574606116774,13.438368860055608,95.64411492122335,1079
HUPA0005P,True,Persistence,11.680595025144415,20.503058681142967,15.717607973421927,0.8257883441648309,84.0531561461794,14.352159468438538,98.40531561461795,1505
HUPA0005P,True,Ridge,12.289707647073048,20.88091103629503,15.69934598222579,0.8193080580601981,82.99003322259136,15.415282392026578,98.40531561461795,1505
HUPA0005P,True,RandomForest,11.867431411850868,19.548718112599424,14.968920645321177,0.8416287050716864,84.25249169435216,13.023255813953488,97.27574750830564,1505
HUPA0005P,True,MLP,12.455405513635197,20.255767086579176,15.533830855756296,0.8299654061311091,82.05980066445183,15.016611295681063,97.07641196013289,1505
HUPA0005P,True,LightGBM,11.839607490386678,19.338537440244266,14.880408313406694,0.8450158982840175,84.51827242524917,12.757475083056478,97.27574750830564,1505
HUPA0005P,True,Stacking,11.696012098754247,19.41104062997347,14.879961814647915,0.8438516007148074,84.45182724252491,13.156146179401993,97.60797342192691,1505
HUPA0006P,True,Persistence,13.393362091676863,27.932325012437865,19.618937644341802,0.8732091005508713,78.63741339491916,19.515011547344113,98.15242494226328,866
HUPA0006P,True,Ridge,12.307243890010474,23.98120604707819,17.57277979112677,0.9065421145888005,82.44803695150115,15.704387990762125,98.15242494226328,866
HUPA0006P,True,RandomForest,13.338614577662106,24.590236103423535,18.4923220110238,0.9017348986182969,79.44572748267899,16.28175519630485,95.72748267898385,866
HUPA0006P,True,MLP,13.611701572932738,26.391277215068406,19.10320962850492,0.8868134750580016,78.63741339491916,17.090069284064665,95.72748267898383,866
HUPA0006P,True,LightGBM,13.265690516333922,24.462773242327284,18.245805809208687,0.9027509676804509,80.83140877598153,15.011547344110854,95.84295612009238,866
HUPA0006P,True,Stacking,12.703406130518294,23.857431601769367,17.727971065004528,0.9075043552421472,81.75519630484989,15.011547344110854,96.76674364896074,866
HUPA0007P,True,Persistence,16.215395025094917,33.8087855053747,25.597601598934045,0.8172599700011114,70.55296469020652,26.449033977348435,97.00199866755496,1501
HUPA0007P,True,Ridge,13.033556044059969,27.241560286748527,19.75667519528068,0.8813579864407817,80.34643570952699,17.72151898734177,98.06795469686875,1501
HUPA0007P,True,RandomForest,14.487191613050781,27.664266206160537,20.742801063154243,0.8776474960217472,77.34843437708194,18.187874750166557,95.5363091272485,1501
HUPA0007P,True,MLP,14.697269743049327,28.50505056344959,21.099602988735015,0.8700972984556077,77.14856762158561,18.38774150566289,95.5363091272485,1501
HUPA0007P,True,LightGBM,14.509907153323681,26.987237399235877,20.477856759850045,0.8835628919020915,77.81479013990673,17.854763491005997,95.66955363091273,1501
HUPA0007P,True,Stacking,13.914530415327581,26.67789481262694,19.913705552622,0.8862169258148072,78.48101265822785,17.521652231845437,96.00266489007329,1501
HUPA0011P,False,Persistence,13.87869575647939,28.84622154380877,21.23941798941799,0.7454159372217879,77.77777777777777,21.097883597883598,98.87566137566137,1512
HUPA0011P,False,Ridge,12.722654708652946,26.754479363088272,19.37201528038137,0.7809988719655704,80.02645502645503,19.17989417989418,99.2063492063492,1512
HUPA0011P,False,RandomForest,13.18515453857278,25.9888724739025,19.411113334033985,0.7933534211314949,78.83597883597884,19.113756613756614,97.94973544973544,1512
HUPA0011P,False,MLP,13.643220294650915,27.0230898137981,19.974974381565122,0.7765793284258232,78.43915343915344,19.841269841269842,98.28042328042329,1512
HUPA0011P,False,LightGBM,13.247013907344066,26.05275366365915,19.41558235147614,0.7923362894119701,79.56349206349206,18.584656084656086,98.14814814814815,1512
HUPA0011P,False,Stacking,12.795405473238361,25.612234798556447,18.989813129475827,0.7992995747530468,80.22486772486772,18.253968253968253,98.47883597883597,1512
HUPA0014P,True,Persistence,13.55171728517958,27.13007732923758,20.505237711522966,0.8536272496081507,77.3569701853344,20.628525382755843,97.98549556809024,1241
HUPA0014P,True,Ridge,11.355147666318508,22.933016952498864,17.440212861498768,0.8954123140013991,84.36744560838034,14.665592264302981,99.03303787268332,1241
HUPA0014P,True,RandomForest,12.323291059033103,22.928451990121918,17.765434434752247,0.8954539475408544,82.3529411764706,14.101531023368251,96.45447219983885,1241
HUPA0014P,True,MLP,13.559123129954681,25.277559088154053,19.271643075213632,0.8729342691721702,78.9685737308622,17.7276390008058,96.696212731668,1241
HUPA0014P,True,LightGBM,12.462738223194656,22.84967903917444,17.71734623974473,0.896171070031345,82.11120064464141,14.746172441579372,96.85737308622079,1241
HUPA0014P,True,Stacking,11.818958517596045,22.30277573485001,17.138722608423343,0.9010818455690144,83.9645447219984,13.456889605157132,97.42143432715552,1241
HUPA0015P,False,Persistence,13.408031273679343,28.938916893085953,20.326988443235894,0.8318854200781081,78.51801495581238,18.898708361658734,97.41672331747111,1471
HUPA0015P,False,Ridge,11.492524742520542,24.23221431912856,16.85956946335258,0.8821235528967223,83.95649218218898,14.683888511216859,98.64038069340585,1471
HUPA0015P,False,RandomForest,13.134442057941953,25.881747993011096,18.378045678207126,0.86552918315954,79.53772943575798,16.92726036709721,96.4649898028552,1471
HUPA0015P,False,MLP,13.674379362782268,27.018198295319362,19.351084815513012,0.8534608715836436,78.17811012916384,18.69476546566961,96.87287559483346,1471
HUPA0015P,False,LightGBM,13.042839451829346,25.962716210611237,18.3564753100826,0.8646865126331923,79.87763426240653,16.99524133242692,96.87287559483346,1471
HUPA0015P,False,Stacking,12.384860827708566,25.125407690477573,17.721068994391995,0.8732736082636418,81.30523453433038,15.83956492182189,97.14479945615227,1471
HUPA0016P,True,Persistence,14.516385367417579,25.14286597978479,18.483064516129033,0.907874259253678,76.29032258064517,19.919354838709676,96.20967741935485,1240
HUPA0016P,True,Ridge,14.048628008016223,23.167070738116273,17.280727954912443,0.9217843459170294,79.35483870967742,16.370967741935484,95.72580645161291,1240
HUPA0016P,True,RandomForest,15.547116751378148,22.95386469405117,17.64407682124916,0.9232173553567202,76.29032258064517,15.483870967741936,91.7741935483871,1240
HUPA0016P,True,MLP,16.778078459117584,24.490634711232218,18.911549559580518,0.9125919335557683,74.91935483870968,16.693548387096776,91.61290322580646,1240
HUPA0016P,True,LightGBM,15.437795562027537,22.74210066865848,17.478255350927117,0.9246275578311117,76.53225806451613,15.806451612903226,92.33870967741936,1240
HUPA0016P,True,Stacking,14.747494405085138,22.074765490034096,16.926253132031537,0.9289860566869652,77.66129032258064,15.161290322580646,92.82258064516128,1240
HUPA0017P,True,Persistence,11.050633338353,24.80324128435872,17.75330739299611,0.8709024925000509,85.36964980544747,13.073929961089494,98.44357976653696,1285
HUPA0017P,True,Ridge,10.181226790889228,23.23873265607423,16.894545092252773,0.8866749653010648,88.40466926070039,10.894941634241246,99.29961089494164,1285
HUPA0017P,True,RandomForest,10.339262568558977,21.812364813603818,16.022111072189976,0.9001595599325851,87.23735408560312,10.583657587548638,97.82101167315176,1285
HUPA0017P,True,MLP,11.23473067035118,23.180898909687805,17.130689072235263,0.8872383226921636,85.75875486381322,12.140077821011673,97.8988326848249,1285
HUPA0017P,True,LightGBM,10.602684698035333,22.215636907657757,16.267419556965283,0.8964336862555167,86.92607003891051,10.894941634241246,97.82101167315176,1285
HUPA0017P,True,Stacking,10.165553879671602,21.73918914668652,15.990630193044815,0.9008283215294588,87.23735408560312,10.66147859922179,97.89883268482491,1285
HUPA0018P,False,Persistence,14.651421396636325,25.427874850388267,17.939353099730457,0.8683882613117231,77.83018867924528,19.474393530997304,97.30458221024259,1484
HUPA0018P,False,Ridge,13.595210100336349,20.95515871494342,15.232209541889294,0.9106166957964914,82.88409703504043,13.679245283018869,96.5633423180593,1484
HUPA0018P,False,RandomForest,17.61579435780265,22.87786882285323,17.53164753540967,0.8934617332695948,75.47169811320755,15.633423180592992,91.10512129380055,1484
HUPA0018P,False,MLP,19.51643771185815,24.702809063702293,18.79542688021747,0.8757869633604284,74.59568733153638,16.10512129380054,90.70080862533692,1484
HUPA0018P,False,LightGBM,17.843453908341793,23.29567674698172,17.776629138129714,0.8895348825396696,77.49326145552561,15.36388140161725,92.85714285714286,1484
HUPA0018P,False,Stacking,16.660213762755816,22.230000740659477,16.926873764390066,0.8994103145002713,79.11051212938006,14.892183288409704,94.00269541778977,1484
HUPA0019P,True,Persistence,16.216606544186305,32.69187109332872,24.16180981595092,0.7066223957556841,68.63496932515338,28.911042944785276,97.54601226993866,1304
HUPA0019P,True,Ridge,13.903908079742894,29.310279716714938,20.770201719160788,0.7641763655621319,76.68711656441718,22.3159509202454,99.00306748466258,1304
HUPA0019P,True,RandomForest,14.792906879428463,28.394218693090675,21.022163825835737,0.7786868354990841,72.54601226993866,24.079754601226995,96.62576687116565,1304
HUPA0019P,True,MLP,15.869024525185967,30.125071168312793,22.414912655879316,0.7508828852384949,71.31901840490798,25.460122699386503,96.77914110429448,1304
HUPA0019P,True,LightGBM,15.138071233251848,28.576639076860076,21.270718056860233,0.7758340210492678,72.08588957055214,24.69325153374233,96.77914110429447,1304
HUPA0019P,True,Stacking,14.312655792599962,27.737749656848365,20.505454830956808,0.7888019760174304,73.77300613496932,23.466257668711656,97.23926380368098,1304
HUPA0020P,False,Persistence,13.026539410950752,26.78626676477072,20.52679382379655,0.8865681604833565,83.56039963669392,14.350590372388737,97.91099000908265,1101
HUPA0020P,False,Ridge,10.466792485523655,23.33480742174077,17.05901048871519,0.913916674116597,87.82924613987284,11.353315168029065,99.1825613079019,1101
HUPA0020P,False,RandomForest,11.882691940471975,24.062173988685203,17.933125803066968,0.9084664468230843,84.9227974568574,11.807447774750226,96.73024523160763,1101
HUPA0020P,False,MLP,13.052228656898293,25.94206675422097,18.693009742399543,0.8936053621136334,83.83287920072661,12.897366030881017,96.73024523160763,1101
HUPA0020P,False,LightGBM,12.053674167905818,24.095010937353905,17.768894002315125,0.9082164500046479,84.83197093551317,12.170753860127157,97.00272479564032,1101
HUPA0020P,False,Stacking,11.412714373415058,23.2879371399087,17.243304903699926,0.914262140661424,85.37693006357857,11.807447774750226,97.1843778383288,1101
HUPA0021P,True,Persistence,14.195732105674486,25.764771825701153,18.93551797040169,0.691331570701289,74.52431289640592,23.67864693446089,98.2029598308668,946
HUPA0021P,True,Ridge,13.495842517918884,24.396152614336728,17.96498337605609,0.7232534002479903,77.80126849894292,20.29598308668076,98.09725158562368,946
HUPA0021P,True,RandomForest,13.99213962892615,23.554752993696766,17.793101457739215,0.7420136552036726,75.47568710359408,20.613107822410146,96.08879492600423,946
HUPA0021P,True,MLP,14.41114170763017,23.697078416627036,18.035112641633628,0.7388865626210248,75.26427061310783,21.141649048625794,96.40591966173362,946
HUPA0021P,True,LightGBM,14.114337679987468,23.762428842591763,17.89760139972327,0.7374444098848923,74.20718816067654,21.987315010570825,96.19450317124736,946
HUPA0021P,True,Stacking,13.618029862704638,23.351824972699585,17.56263481234468,0.7464396956790009,77.16701902748414,19.873150105708245,97.04016913319239,946
HUPA0022P,True,Persistence,9.834990573198153,13.065691776071468,10.053571428571429,0.8967369703026047,90.27777777777777,8.002645502645503,98.28042328042328,1512
HUPA0022P,True,Ridge,11.279511082033682,13.714198673597442,10.671681491348314,0.886231791686661,88.4920634920635,8.399470899470899,96.89153439153439,1512
HUPA0022P,True,RandomForest,13.785653000351255,15.804507713977628,12.322955808685894,0.8489078187894228,80.62169312169313,11.30952380952381,91.93121693121694,1512
HUPA0022P,True,MLP,17.304183367436483,25.399406476286604,15.233019239086842,0.609764134321672,79.23280423280423,11.772486772486772,91.005291005291,1512
HUPA0022P,True,LightGBM,14.678270207337318,16.35181885966818,12.811209068123755,0.8382619583558735,80.75396825396825,11.044973544973544,91.7989417989418,1512
HUPA0022P,True,Stacking,13.711956815188739,15.422448384131618,12.167962758505455,0.856124549623917,83.3994708994709,9.788359788359788,93.18783068783068,1512
HUPA0023P,True,Persistence,11.40974536313794,19.921414880650733,14.418910045961917,0.793553798126573,84.37294812869337,14.510833880499016,98.88378200919239,1523
HUPA0023P,True,Ridge,11.048918826494187,18.35719367544068,13.51297527030551,0.8247011298865262,85.5548260013132,13.000656598818122,98.55548260013133,1523
HUPA0023P,True,RandomForest,12.178448057287616,18.72585984469865,14.319981568019518,0.8175893990484413,82.86277084701247,13.985554826001314,96.84832567301379,1523
HUPA0023P,True,MLP,13.051674761092421,19.99326812129129,15.218882458579209,0.7920618779701165,80.10505581089954,16.61195009848982,96.71700590938937,1523
HUPA0023P,True,LightGBM,11.883590681445806,18.510631986979362,13.992484436943728,0.8217584171225494,83.19107025607354,13.854235062376887,97.04530531845043,1523
HUPA0023P,True,Stacking,11.372469085332217,18.09850921718942,13.600650857567734,0.8296068452962087,84.17596848325672,13.263296126066972,97.4392646093237,1523
HUPA0024P,True,Persistence,11.531517145111666,22.836583299275336,16.535876475930973,0.874051774394744,83.65122615803814,14.07811080835604,97.72933696639419,1101
HUPA0024P,True,Ridge,9.04094720791252,17.7836569641931,12.861401917721498,0.9236213560196471,89.82742960944596,8.719346049046322,98.54677565849228,1101
HUPA0024P,True,RandomForest,10.936020594880723,19.82223692179458,14.498433762574505,0.9051067930536089,85.4677565849228,10.354223433242506,95.8219800181653,1101
HUPA0024P,True,MLP,11.582647943899316,20.864335626959555,15.095697419305795,0.8948670334429185,83.46957311534968,11.89827429609446,95.36784741144413,1101
HUPA0024P,True,LightGBM,10.963185563417507,19.853971548886413,14.26805622806419,0.9048027091991779,86.10354223433242,9.71843778383288,95.8219800181653,1101
HUPA0024P,True,Stacking,10.429686452734858,19.09539504186397,13.843275656837355,0.9119382942446083,86.46684831970936,9.44595821980018,95.91280653950953,1101
HUPA0025P,True,Persistence,11.516064456236581,16.451424993485123,12.129617627997408,0.8364591406854625,84.31626701231367,12.89695398574206,97.21322099805573,1543
HUPA0025P,True,Ridge,12.551598547791428,16.82418222719543,12.747021810688977,0.8289641464813717,84.7699287103046,12.443292287751134,97.21322099805573,1543
HUPA0025P,True,RandomForest,13.58072075510624,17.01863965842026,13.143689191345674,0.8249875607980057,80.23331173039533,13.156189241736877,93.38950097213221,1543
HUPA0025P,True,MLP,14.339640832087264,17.950389517383325,13.799756157560154,0.8052995362125029,79.650032404407,14.38755670771225,94.03758911211925,1543
HUPA0025P,True,LightGBM,13.668720233612403,16.775977456161424,13.1243595863409,0.8299428487559193,81.01101749837979,12.832145171743358,93.84316267012315,1543
HUPA0025P,True,Stacking,13.22185579534515,16.46847249056604,12.822877161105694,0.8361200324548855,82.9552819183409,11.600777705767985,94.55605962410888,1543
HUPA0026P,True,Persistence,12.351346797590566,24.97377174790994,17.736328586041388,0.8669201282952177,81.21016602407742,17.09025100322606,98.30041702730348,12709
HUPA0026P,True,Ridge,11.789248070750707,21.854187529841553,15.85075841921624,0.8980907915906844,84.76670076323865,13.41568966873869,98.18239043197734,12709
HUPA0026P,True,RandomForest,12.09645633375872,21.129973227346206,15.595701790717076,0.9047331093309845,82.65795892674483,12.943583287434102,95.60154221417892,12709
HUPA0026P,True,MLP,12.941091765151214,21.9421711000507,16.313367432103277,0.8972685798355935,82.45337949484617,13.462900306869148,95.91627980171532,12709
HUPA0026P,True,LightGBM,12.445063976470117,20.96279431258143,15.634231730480673,0.9062346361028443,83.45267133527422,12.707530096781808,96.16020143205603,12709
HUPA0026P,True,Stacking,12.022669882489653,20.673704043043628,15.324712425184412,0.9088029716898959,84.31033126131088,12.416397828310647,96.72672908962153,12709
HUPA0027P,True,Persistence,10.508812478717683,17.855214484444,12.83918486366912,0.852264454986803,85.83398971024451,12.676174356052353,98.51016406629687,59671
HUPA0027P,True,Ridge,10.651885020575152,16.83342926973798,12.318550995508234,0.8686893192834453,86.57974560506779,11.482964924335104,98.06271052940289,59671
HUPA0027P,True,RandomForest,11.144442649788134,17.104515937898952,12.56992632461838,0.8644259931170033,84.44638098909017,12.022590538117344,96.46897152720751,59671
HUPA0027P,True,MLP,11.74355172688147,18.193513178772502,13.233128839680505,0.846613197202641,83.26993011680716,13.431985386536173,96.70191550334333,59671
HUPA0027P,True,LightGBM,11.105602807736968,16.992072552823984,12.533032916584197,0.8662026341786236,84.6877042449431,12.002480266796265,96.69018451173937,59671
HUPA0027P,True,Stacking,10.665144146144181,16.57253545955128,12.196569919397772,0.8727280290938064,85.84907241373531,11.256724371972986,97.10579678570829,59671
HUPA0028P,True,Persistence,11.101242914215529,18.979764247380736,12.982727545809553,0.6604266985555194,84.2595373986182,14.689095824571943,98.94863322319014,6658
HUPA0028P,True,Ridge,11.562945254736618,18.503481116379955,13.046872133986959,0.6772555429763035,84.46981075398017,14.50886151997597,98.97867227395614,6658
HUPA0028P,True,RandomForest,11.50011384443939,18.135344509353068,12.747287256769095,0.6899701358926031,84.37969360168219,13.607689996996095,97.98738359867829,6658
HUPA0028P,True,MLP,12.372273366637604,19.420514270016053,13.569368771837349,0.6444723664777621,82.8927605887654,15.27485731450886,98.16761790327426,6658
HUPA0028P,True,LightGBM,11.582119525980273,18.26547722927269,12.845271575419412,0.6855048465595377,84.15440072093722,14.118353860018024,98.27275458095524,6658
HUPA0028P,True,Stacking,11.084855124984703,17.766763365405225,12.46233992326054,0.7024441138088751,85.28086512466206,13.127065184740163,98.40793030940222,6658
