patient,start,end,days,rows,median_step_min,time_gaps_over_30min,glucose_coverage_pct,glucose_min,glucose_max,glucose_mean,pct_below_70,pct_70_180,pct_above_180,n_bolus_events,bolus_units_per_day,n_meal_events,carbs_g_per_day,hr_available_pct,raw_libre,raw_medtronic,frac_non_integer_glucose,frac_zero_second_diff,glucose_type,include_candidate
HUPA0001P,2018-06-13 18:40:00,2018-06-27 23:55:00,14.2,4096,5.0,0,100.02442002442002,40.0,444.0,181.4437255859375,1.4404296875,56.494140625,42.0654296875,76,11.083956043956043,40,85.0989010989011,100.0,True,True,0.074951171875,0.12994626282364435,native 5-min,True
HUPA0002P,2018-06-13 22:45:00,2018-06-24 23:45:00,11.0,3181,5.0,0,100.0314465408805,40.0,310.0,113.46966362779,23.860421251178874,61.49009745363093,14.649481295190192,51,21.074716981132077,12,576.0,100.0,True,False,0.4215655454259667,0.7058823529411765,INTERPOLATED?,True
HUPA0003P,2018-06-13 21:40:00,2018-06-26 23:45:00,13.1,3770,5.0,0,100.02653223666755,44.0,366.0,143.2735190097259,7.029177718832891,67.6657824933687,25.30503978779841,109,20.534040859644467,66,331.6317325550544,100.0,True,True,0.43740053050397876,0.673036093418259,INTERPOLATED?,True
HUPA0004P,2018-07-09 15:30:00,2018-07-20 16:45:00,11.1,3184,5.0,0,100.03141690229343,40.0,411.0,180.3779836683417,9.704773869346733,44.8178391959799,45.47738693467337,45,42.98737040527804,20,1827.7097078228085,100.0,True,False,0.49717336683417085,0.7344437460716531,INTERPOLATED?,True
HUPA0005P,2018-07-09 14:20:00,2018-07-22 23:45:00,13.4,3858,5.0,0,100.05186721991701,40.0,379.0,147.6986237228047,2.9548989113530326,71.82477967858995,25.22032141005702,67,7.519211822660098,55,66.08244749805549,100.0,True,True,0.4227579056505962,0.6768672199170125,INTERPOLATED?,True
HUPA0006P,2018-07-09 15:45:00,2018-07-17 14:30:00,7.9,2290,5.0,0,100.0436871996505,42.0,438.0,165.20458515283843,8.646288209606986,56.02620087336244,35.327510917030565,46,28.535779816513763,37,281.8348623853211,100.0,True,True,0.46026200873362444,0.7032342657342657,INTERPOLATED?,True
HUPA0007P,2018-09-19 14:25:00,2018-10-02 23:45:00,13.4,3857,5.0,0,100.0259336099585,40.0,385.0,173.15199143178143,8.944775732434534,45.86466165413533,45.19056261343013,89,35.19336099585062,82,205.76763485477179,100.0,True,True,0.420534093855328,0.6635538261997406,INTERPOLATED?,True
HUPA0009P,2018-09-19 14:35:00,2018-10-02 20:10:00,13.2,3812,5.0,0,100.02623983206507,100.0,307.0,193.73927110421704,0.0,41.44805876180483,58.55194123819517,66,9.710837050642876,44,38.16321175544476,100.0,True,True,0.9412381951731374,0.9824146981627296,INTERPOLATED?,True
HUPA0010P,2018-11-07 15:35:00,2018-11-17 23:30:00,10.3,2976,5.0,0,100.03361344537815,41.0,416.0,135.8926481294803,8.333333333333332,74.83198924731182,16.834677419354836,78,9.179697478991597,42,102.37310924369748,100.0,True,True,0.8215725806451613,0.9240080699394755,INTERPOLATED?,True
HUPA0011P,2018-11-07 15:55:00,2018-11-20 23:45:00,13.3,3839,5.0,0,100.02605523710267,53.0,355.0,159.10857862290524,2.6829903620734568,65.06902839281062,32.247981245115916,0,0.0,55,844.1896821261073,100.0,True,False,0.4383954154727794,0.6760489966119364,INTERPOLATED?,False
HUPA0014P,2018-11-07 16:45:00,2018-11-20 23:45:00,13.3,3829,5.0,0,100.02612330198536,40.0,443.5,188.0617654740141,4.048054322277357,44.05850091407678,51.89344476364586,41,20.46394984326019,40,135.79937304075236,100.0,True,False,0.535126664925568,0.7311209824928142,INTERPOLATED?,True
HUPA0015P,2019-03-27 16:15:00,2019-04-09 20:10:00,13.2,3792,5.0,0,100.0263782643102,40.0,370.0,163.518723628692,4.166666666666666,58.676160337552744,37.15717299578059,0,0.0,0,0.0,100.0,True,False,0.4620253164556962,0.6992084432717678,INTERPOLATED?,False
HUPA0016P,2019-03-27 16:15:00,2019-04-09 23:45:00,13.3,3835,5.0,0,100.02608242044862,40.0,362.0,150.2083441981747,15.149934810951759,51.76010430247718,33.089960886571056,91,20.709859154929582,83,247.69953051643193,100.0,True,True,0.5157757496740547,0.7263240281763632,INTERPOLATED?,True
HUPA0017P,2019-03-28 12:00:00,2019-04-09 23:50:00,12.5,3599,5.0,0,100.02779321845469,40.0,401.0,200.79524404927292,2.389552653514865,35.70436232286746,61.90608502361768,25,5.362979433018344,35,136.07559755419678,100.0,True,False,0.46985273687135315,0.7003058103975535,INTERPOLATED?,True
HUPA0018P,2019-07-03 11:15:00,2019-07-16 23:45:00,13.5,3895,5.0,0,100.0256805341551,40.0,358.0,143.67766367137355,17.58664955070603,51.34788189987163,31.065468549422338,0,0.0,0,0.0,100.0,True,False,0.4331193838254172,0.7040842537888518,INTERPOLATED?,False
HUPA0019P,2019-07-03 14:00:00,2019-07-16 11:10:00,12.9,3711,5.0,0,100.02695417789758,51.0,371.0,162.93047696038803,2.6946914578280787,62.38210724872002,34.923201293451896,50,3.881401617250674,53,41.14285714285714,100.0,True,False,0.4602533009970358,0.6840118630358587,INTERPOLATED?,True
HUPA0020P,2019-07-03 20:15:00,2019-07-13 18:40:00,9.9,2862,5.0,0,100.0349528137015,40.0,390.0,194.28266946191474,3.563941299790356,44.75890985324947,51.677148846960165,7,0.7046487242222998,0,0.0,100.0,True,False,0.4636617749825297,0.6846153846153846,INTERPOLATED?,False
HUPA0021P,2019-07-03 12:25:00,2019-07-11 15:35:00,8.1,2343,5.0,0,100.04269854824936,47.0,279.0,137.325152937829,4.737516005121639,74.98932991890739,20.27315407597098,23,2.828351836037575,23,28.283518360375748,100.0,True,False,0.461374306444729,0.6821870995301154,INTERPOLATED?,True
HUPA0022P,2020-01-17 00:35:00,2020-01-30 23:45:00,14.0,4023,5.0,0,100.02486325211338,40.0,298.0,112.55058414118817,15.38652746706438,78.89634601043997,5.71712652249565,103,28.005171556439578,68,2813.4062655395323,100.0,True,False,0.44096445438727316,0.6963441929868192,INTERPOLATED?,True
HUPA0023P,2020-01-17 00:00:00,2020-01-30 14:30:00,13.6,3919,5.0,0,100.02552322613579,40.0,302.0,133.05332993110488,4.31232457259505,79.2549119673386,16.432763460066344,40,11.173047473200613,63,265.35987748851454,100.0,True,False,0.44501148252105127,0.6836864947664029,INTERPOLATED?,True
HUPA0024P,2020-01-20 11:30:00,2020-01-30 13:15:00,10.1,2902,5.0,0,100.03447087211306,42.0,359.0,166.9436595451413,7.787732598208132,48.380427291523084,43.831840110268786,21,7.048603929679421,14,75.94622543950362,100.0,True,False,0.44589937973811167,0.6955172413793104,INTERPOLATED?,True
HUPA0025P,2020-01-16 13:45:00,2020-01-30 11:30:00,13.9,4006,5.0,0,100.02496878901373,40.0,245.0,113.84560659011483,13.379930104842735,79.90514228657014,6.71492760858712,130,25.934382022471908,20,42.06741573033708,100.0,True,False,0.444583125312032,0.6948051948051948,INTERPOLATED?,True
HUPA0026P,2020-05-23 00:15:00,2020-10-10 23:55:00,141.0,40605,5.0,0,100.00246281154566,40.0,422.0,162.98526659278414,7.713335796084227,53.53774165743135,38.74892254648442,334,21.229041473746427,46,12.497684957147081,100.0,True,False,0.5078684891023273,0.7321133906361599,INTERPOLATED?,True
HUPA0027P,2020-06-26 22:15:00,2022-01-21 21:40:00,574.0,165306,5.0,0,100.00060494237924,40.0,397.0,130.82994567650297,6.363955331324937,79.46414528208292,14.171899386592138,1876,22.37220168778924,1531,89.9210550195094,100.0,True,False,0.477508378401268,0.7091661423800997,INTERPOLATED?,True
HUPA0028P,2022-02-17 13:50:00,2022-05-18 12:15:00,89.9,25902,5.0,0,100.00772200772201,40.0,296.0,128.43610918075825,3.076982472395954,88.78851053972666,8.134506987877383,223,8.650785683950428,217,79.11354773946952,100.0,True,False,0.4855223534862173,0.7172972972972973,INTERPOLATED?,True
