patient,status,in_main,in_all,window_start,window_end,window_days,layout,delimiter,encoding,date_format,n_libre_files,n_type0_total,n_unparseable_timestamps,n_bad_glucose,n_duplicate_timestamps,n_conflicting_duplicates,readings_before_window,readings_in_window,readings_after_window,coverage_pct,pct_gaps_10_20min,grid_start,grid_end,n_grid_rows,pct_grid_rows_real,pct_grid_rows_glucose,glucose_min,glucose_max,n_clipped_below_40,n_clipped_above_400,bolus_total_parsed,bolus_total_recorded_window,carbs_g_total_parsed,carbs_g_total_recorded_window,n_invalid_boluses_removed,n_bolus_events_outside_grid,n_carb_events_outside_grid,n_evaluable_points,failed_checks,note
HUPA0001P,included,True,True,2018-06-13 18:40:00,2018-06-27 23:55:00,14.2,OLD,';',utf-8,%Y/%m/%d %H:%M,1.0,1331.0,0.0,0.0,0.0,0.0,6.0,1325,0.0,97.1,99.6,2018-06-13 18:45:00,2018-06-27 16:15:00,4003.0,39.7,100.0,40.0,400.0,0.0,9.0,151.4,157.6,1180.0,1210.0,0.0,2.0,1.0,1545,,
HUPA0002P,included,True,True,2018-06-13 22:45:00,2018-06-24 23:45:00,11.0,OLD,';',utf-8,%Y/%m/%d %H:%M,1.0,1326.0,0.0,0.0,0.0,0.0,22.0,1047,257.0,98.8,99.9,2018-06-13 22:45:00,2018-06-24 23:35:00,3179.0,37.6,99.4,40.0,310.0,0.0,0.0,225.2,232.7,6360.0,6360.0,0.0,1.0,0.0,1152,,
HUPA0003P,included,True,True,2018-06-13 21:40:00,2018-06-26 23:45:00,13.1,OLD,'\t',utf-8,%Y/%m/%d %H:%M,1.0,1334.0,0.0,0.0,0.0,0.0,18.0,1251,65.0,99.6,100.0,2018-06-13 21:40:00,2018-06-26 23:40:00,3769.0,40.3,100.0,44.0,366.0,0.0,0.0,268.725,268.725,4340.0,4340.0,0.0,0.0,0.0,1474,,
HUPA0004P,included,True,True,2018-07-09 15:30:00,2018-07-20 16:45:00,11.1,OLD,'\t',utf-8,%Y/%m/%d %H:%M,1.0,904.0,0.0,0.0,0.0,0.0,0.0,903,1.0,85.1,99.1,2018-07-09 15:30:00,2018-07-20 16:35:00,3182.0,34.9,86.3,40.0,400.0,0.0,4.0,475.1,475.1,20200.0,20200.0,0.0,0.0,0.0,1079,,
HUPA0005P,included,True,True,2018-07-09 14:20:00,2018-07-22 23:45:00,13.4,OLD,'\t',utf-8,%Y/%m/%d %H:%M,1.0,1333.0,0.0,0.0,0.0,0.0,0.0,1274,59.0,99.1,99.9,2018-07-09 15:35:00,2018-07-22 23:40:00,3842.0,40.5,100.0,40.0,379.0,0.0,0.0,100.7,100.7,885.0,885.0,0.0,0.0,0.0,1505,,
HUPA0006P,included,True,True,2018-07-09 15:45:00,2018-07-17 14:30:00,7.9,OLD,'\t',utf-8,%Y/%m/%d %H:%M,1.0,728.0,0.0,0.0,0.0,0.0,1.0,727,0.0,95.3,99.2,2018-07-09 15:55:00,2018-07-17 14:05:00,2283.0,39.4,96.8,40.0,400.0,0.0,2.0,226.8,226.8,2180.0,2240.0,0.0,0.0,1.0,866,,
HUPA0007P,included,True,True,2018-09-19 14:25:00,2018-10-02 23:45:00,13.4,OLD,'\t',utf-8,%Y/%m/%d %H:%M,1.0,1335.0,0.0,0.0,0.0,0.0,0.0,1277,58.0,99.4,100.0,2018-09-19 15:05:00,2018-10-02 23:35:00,3847.0,40.4,100.0,40.0,385.0,0.0,0.0,471.2,471.2,2755.0,2755.0,0.0,0.0,0.0,1501,,
HUPA0009P,excluded_no_cgm,False,False,2018-09-19 14:35:00,2018-10-02 20:10:00,13.2,,,,,,,,,,,,0,,0.0,,,,,,,,,,,,,,,,,,0,,HUPA0009P: no type-0 FreeStyle Libre readings (1 Libre file(s))
HUPA0010P,excluded_no_cgm,False,False,2018-11-07 15:35:00,2018-11-17 23:30:00,10.3,,,,,,,,,,,,0,,0.0,,,,,,,,,,,,,,,,,,0,,HUPA0010P: no type-0 FreeStyle Libre readings (1 Libre file(s))
HUPA0011P,excluded_missing_events,False,True,2018-11-07 15:55:00,2018-11-20 23:45:00,13.3,OLD,';',utf-8,%Y/%m/%d %H:%M,1.0,4266.0,0.0,0.0,0.0,0.0,2931.0,1277,58.0,99.8,100.0,2018-11-07 16:05:00,2018-11-20 23:40:00,3836.0,40.0,100.0,53.0,355.0,0.0,0.0,0.0,0.0,11250.0,11250.0,0.0,0.0,0.0,1512,,
HUPA0014P,included,True,True,2018-11-07 16:45:00,2018-11-20 23:45:00,13.3,OLD,'\t',utf-8,%Y/%m/%d %H:%M,1.0,1132.0,0.0,0.0,1.0,1.0,0.0,1074,57.0,84.2,98.7,2018-11-07 16:50:00,2018-11-20 23:40:00,3827.0,33.4,85.2,40.0,400.0,0.0,7.0,262.0,272.0,1755.0,1805.0,0.0,1.0,1.0,1241,,
HUPA0015P,excluded_missing_events,False,True,2019-03-27 16:15:00,2019-04-09 20:10:00,13.2,OLD,'\t',utf-8,%d/%m/%y %H:%M,1.0,1263.0,0.0,0.0,0.0,0.0,0.0,1221,42.0,96.6,99.4,2019-03-27 16:20:00,2019-04-09 20:10:00,3791.0,40.5,97.9,40.0,370.0,0.0,0.0,0.0,0.0,0.0,0.0,0.0,0.0,0.0,1471,,
HUPA0016P,included,True,True,2019-03-27 16:15:00,2019-04-09 23:45:00,13.3,OLD,'\t',utf-8,%Y/%m/%d %H:%M,1.0,5949.0,0.0,0.0,0.0,0.0,4796.0,1091,62.0,85.4,98.7,2019-03-27 16:25:00,2019-04-09 23:40:00,3832.0,34.2,87.1,40.0,362.0,0.0,0.0,275.7,275.7,3297.5,3297.5,0.0,0.0,0.0,1240,,
HUPA0017P,included,True,True,2019-03-28 12:00:00,2019-04-09 23:50:00,12.5,OLD,';',utf-8,%Y/%m/%d %H:%M,1.0,1235.0,0.0,0.0,0.0,0.0,80.0,1112,43.0,92.7,99.3,2019-03-28 12:05:00,2019-04-09 22:20:00,3580.0,37.1,94.3,43.0,400.0,0.0,1.0,73.0,73.0,1700.0,1700.0,4.0,0.0,0.0,1285,,
HUPA0018P,excluded_missing_events,False,True,2019-07-03 11:15:00,2019-07-16 23:45:00,13.5,OLD,';',utf-8-sig,%d/%m/%y %H:%M,1.0,1314.0,0.0,0.0,0.0,0.0,0.0,1272,42.0,98.0,99.8,2019-07-03 11:15:00,2019-07-16 23:35:00,3893.0,40.2,99.2,40.0,358.0,0.0,0.0,0.0,0.0,0.0,0.0,0.0,0.0,0.0,1484,,
HUPA0019P,included,True,True,2019-07-03 14:00:00,2019-07-16 11:10:00,12.9,OLD,';',utf-8,%d/%m/%y %H:%M,1.0,1337.0,0.0,0.0,0.0,0.0,15.0,1233,89.0,99.7,99.8,2019-07-03 14:05:00,2019-07-16 11:00:00,3708.0,35.4,100.0,57.0,371.0,0.0,0.0,49.0,50.0,520.0,530.0,0.0,1.0,1.0,1304,,
HUPA0020P,excluded_missing_events,False,True,2019-07-03 20:15:00,2019-07-13 18:40:00,9.9,OLD,';',utf-8,%d/%m/%y %H:%M,1.0,1315.0,0.0,0.0,0.0,0.0,41.0,946,328.0,99.2,100.0,2019-07-03 20:20:00,2019-07-13 18:30:00,2859.0,40.1,100.0,40.0,390.0,0.0,0.0,6.0,7.0,0.0,0.0,0.0,1.0,0.0,1101,,
HUPA0021P,included,True,True,2019-07-03 12:25:00,2019-07-11 15:35:00,8.1,OLD,';',utf-8,%Y/%m/%d %H:%M,1.0,1331.0,0.0,0.0,0.0,0.0,7.0,776,548.0,99.4,100.0,2019-07-03 12:30:00,2019-07-11 15:25:00,2340.0,41.6,100.0,52.0,279.0,0.0,0.0,23.0,23.0,230.0,230.0,0.0,0.0,0.0,946,,
HUPA0022P,included,True,True,2020-01-17 00:35:00,2020-01-30 23:45:00,14.0,OLD,';',utf-8-sig,%d/%m/%y %H:%M,1.0,1332.0,0.0,0.0,0.0,0.0,0.0,1295,37.0,96.6,99.8,2020-01-17 10:00:00,2020-01-30 23:40:00,3909.0,39.4,99.8,40.0,248.0,0.0,0.0,385.7,391.1,38690.0,39290.0,0.0,2.0,1.0,1512,,
HUPA0023P,included,True,True,2020-01-17 00:00:00,2020-01-30 14:30:00,13.6,OLD,';',utf-8-sig,%d/%m/%y %H:%M,1.0,1333.0,0.0,0.0,0.0,0.0,34.0,1298,1.0,99.4,99.9,2020-01-17 00:05:00,2020-01-30 14:20:00,3916.0,40.0,99.9,40.0,302.0,0.0,0.0,152.0,152.0,3600.0,3610.0,0.0,0.0,1.0,1523,,
HUPA0024P,included,True,True,2020-01-20 11:30:00,2020-01-30 13:15:00,10.1,OLD,';',utf-8,%d/%m/%y %H:%M,1.0,1329.0,0.0,0.0,0.0,0.0,369.0,959,1.0,99.2,100.0,2020-01-20 11:35:00,2020-01-30 13:10:00,2900.0,39.7,100.0,42.0,359.0,0.0,0.0,71.0,71.0,765.0,765.0,0.0,0.0,0.0,1101,,
HUPA0025P,included,True,True,2020-01-16 13:45:00,2020-01-30 11:30:00,13.9,NEW,';',utf-8-sig,%d/%m/%y %H:%M,1.0,1323.0,0.0,0.0,0.0,0.0,0.0,1323,0.0,99.1,99.8,2020-01-16 13:50:00,2020-01-30 11:15:00,4002.0,39.7,99.6,40.0,241.0,0.0,0.0,360.65,360.65,585.0,585.0,0.0,0.0,0.0,1543,,
HUPA0026P,included,True,True,2020-05-23 00:15:00,2020-10-10 23:55:00,141.0,NEW,';',utf-8-sig,%d/%m/%y %H:%M,1.0,13979.0,0.0,0.0,0.0,0.0,547.0,11149,2283.0,82.4,99.0,2020-05-23 02:15:00,2020-10-10 23:50:00,40580.0,32.5,83.7,40.0,400.0,0.0,12.0,2993.0,2993.0,1762.0,1762.0,0.0,0.0,0.0,12709,,
HUPA0027P,included,True,True,2020-06-26 22:15:00,2022-01-21 21:40:00,574.0,NEW,"';'+','",utf-8-sig+utf-8,%d/%m/%y %H:%M+%d-%m-%Y %H:%M,3.0,151307.0,0.0,0.0,81435.0,12.0,18223.0,51581,68.0,93.6,99.6,2020-06-26 22:20:00,2022-01-21 21:30:00,165303.0,37.5,94.4,40.0,397.0,0.0,0.0,12841.1,12841.1,51612.5,51612.5,0.0,0.0,0.0,59671,,
HUPA0028P,included,True,True,2022-02-17 13:50:00,2022-05-18 12:15:00,89.9,NEW,"','",utf-8,%d-%m-%Y %H:%M,1.0,50275.0,0.0,0.0,7.0,7.0,44572.0,5696,0.0,66.0,99.0,2022-02-17 14:00:00,2022-04-24 13:55:00,19008.0,36.6,91.5,50.0,256.0,0.0,0.0,604.0,778.0,5615.0,7115.0,0.0,44.0,41.0,6658,,
