timestamp,glucose_mg_dl,bolus_units,carbs_g
2027-03-01 06:01:37,141.0,,
2027-03-01 06:06:37,143.0,,
2027-03-01 06:11:37,142.0,,
2027-03-01 06:16:37,144.0,,
2027-03-01 06:21:37,144.0,,
2027-03-01 06:26:37,147.0,,
2027-03-01 06:31:37,149.0,,
2027-03-01 06:36:37,150.0,,
2027-03-01 06:41:37,155.0,,
2027-03-01 06:46:37,152.0,,
2027-03-01 06:51:37,155.0,,
2027-03-01 06:56:37,156.0,,
2027-03-01 07:01:37,157.0,,
2027-03-01 07:06:37,159.0,,
2027-03-01 07:11:37,161.0,,
2027-03-01 07:16:37,162.0,,
2027-03-01 07:21:37,163.0,,
2027-03-01 07:26:37,163.0,,
2027-03-01 07:30:19,,4.5,
2027-03-01 07:31:19,,,45.0
2027-03-01 07:31:37,164.0,,
2027-03-01 07:36:37,166.0,,
2027-03-01 07:41:37,167.0,,
2027-03-01 07:46:37,167.0,,
2027-03-01 07:51:37,169.0,,
2027-03-01 07:56:37,168.0,,
2027-03-01 08:01:37,168.0,,
2027-03-01 08:06:37,169.0,,
2027-03-01 08:11:37,165.0,,
2027-03-01 08:16:37,165.0,,
2027-03-01 08:21:37,169.0,,
2027-03-01 08:26:37,170.0,,
2027-03-01 08:31:37,169.0,,
2027-03-01 08:36:37,170.0,,
2027-03-01 08:41:37,172.0,,
2027-03-01 08:46:37,174.0,,
2027-03-01 08:51:37,172.0,,
2027-03-01 08:56:37,173.0,,
2027-03-01 09:01:37,172.0,,
2027-03-01 09:06:37,174.0,,
2027-03-01 09:11:37,175.0,,
2027-03-01 09:16:37,175.0,,
2027-03-01 09:21:37,176.0,,
2027-03-01 09:26:37,172.0,,
2027-03-01 09:31:37,172.0,,
2027-03-01 09:36:37,175.0,,
2027-03-01 09:41:37,178.0,,
2027-03-01 09:46:37,178.0,,
2027-03-01 09:51:37,178.0,,
2027-03-01 09:56:37,176.0,,
2027-03-01 10:01:37,179.0,,
2027-03-01 10:06:37,179.0,,
2027-03-01 10:11:37,178.0,,
2027-03-01 10:16:37,174.0,,
2027-03-01 10:21:37,176.0,,
2027-03-01 10:26:37,178.0,,
2027-03-01 10:31:37,177.0,,
2027-03-01 10:36:37,176.0,,
2027-03-01 10:41:37,175.0,,
2027-03-01 10:46:37,175.0,,
2027-03-01 10:51:37,174.0,,
2027-03-01 10:56:37,174.0,,
2027-03-01 11:01:37,173.0,,
2027-03-01 11:06:37,172.0,,
2027-03-01 11:11:37,172.0,,
2027-03-01 11:16:37,172.0,,
2027-03-01 11:21:37,175.0,,
2027-03-01 11:26:37,173.0,,
2027-03-01 11:31:37,174.0,,
2027-03-01 11:36:37,176.0,,
2027-03-01 11:41:37,174.0,,
2027-03-01 11:46:37,173.0,,
2027-03-01 11:51:37,175.0,,
2027-03-01 11:56:37,172.0,,
2027-03-01 12:01:37,173.0,,
2027-03-01 12:06:37,173.0,,
2027-03-01 12:11:37,173.0,,
2027-03-01 12:16:37,172.0,,
2027-03-01 12:21:37,175.0,,
2027-03-01 12:26:37,174.0,,
2027-03-01 12:31:37,175.0,,
2027-03-01 12:36:37,177.0,,
2027-03-01 12:41:19,,6.0,
2027-03-01 12:41:37,178.0,,
2027-03-01 12:46:19,,,70.0
2027-03-01 12:46:37,178.0,,
2027-03-01 12:51:37,178.0,,
2027-03-01 12:56:37,178.0,,
2027-03-01 13:01:37,177.0,,
2027-03-01 13:06:37,176.0,,
2027-03-01 13:11:37,174.0,,
2027-03-01 13:16:37,174.0,,
2027-03-01 13:21:37,178.0,,
2027-03-01 13:26:37,177.0,,
2027-03-01 13:31:37,174.0,,
2027-03-01 13:36:37,175.0,,
2027-03-01 13:41:37,179.0,,
2027-03-01 13:46:37,178.0,,
2027-03-01 13:51:37,174.0,,
2027-03-01 13:56:37,173.0,,
2027-03-01 14:01:37,172.0,,
2027-03-01 14:06:37,169.0,,
2027-03-01 14:11:37,171.0,,
2027-03-01 14:16:37,167.0,,
2027-03-01 14:21:37,165.0,,
2027-03-01 14:26:37,164.0,,
2027-03-01 14:31:37,162.0,,
2027-03-01 14:36:37,155.0,,
2027-03-01 14:41:37,150.0,,
2027-03-01 14:46:37,146.0,,
2027-03-01 14:51:37,148.0,,
2027-03-01 14:56:37,147.0,,
2027-03-01 15:01:37,148.0,,
2027-03-01 15:06:37,145.0,,
2027-03-01 15:11:37,145.0,,
2027-03-01 15:16:37,143.0,,
2027-03-01 15:21:37,140.0,,
2027-03-01 15:26:37,138.0,,
2027-03-01 15:31:37,135.0,,
2027-03-01 15:36:37,135.0,,
2027-03-01 15:41:37,133.0,,
2027-03-01 15:46:37,132.0,,
2027-03-01 15:51:37,131.0,,
2027-03-01 15:56:37,129.0,,
2027-03-01 16:01:37,126.0,,
2027-03-01 16:06:37,125.0,,
2027-03-01 16:11:37,124.0,,
2027-03-01 16:16:37,125.0,,
2027-03-01 16:21:37,125.0,,
2027-03-01 16:26:37,125.0,,
2027-03-01 16:31:37,123.0,,
2027-03-01 16:36:37,123.0,,
2027-03-01 16:41:37,121.0,,
2027-03-01 16:46:37,120.0,,
2027-03-01 16:51:37,120.0,,
2027-03-01 16:56:37,118.0,,
2027-03-01 17:01:37,119.0,,
2027-03-01 17:06:37,117.0,,
2027-03-01 17:11:37,117.0,,
2027-03-01 17:16:37,115.0,,
2027-03-01 17:21:37,116.0,,
2027-03-01 17:26:37,112.0,,
2027-03-01 17:31:37,112.0,,
2027-03-01 17:36:37,111.0,,
2027-03-01 17:41:37,110.0,,
2027-03-01 17:46:37,110.0,,
2027-03-01 17:51:37,110.0,,
2027-03-01 17:56:37,107.0,,
2027-03-01 18:01:37,104.0,,
2027-03-01 18:06:37,105.0,,
2027-03-01 18:11:37,102.0,,
2027-03-01 18:16:37,101.0,,
2027-03-01 18:21:37,99.0,,
2027-03-01 18:26:37,101.0,,
2027-03-01 18:31:37,96.0,,
2027-03-01 18:36:37,98.0,,
2027-03-01 18:41:37,101.0,,
2027-03-01 18:46:37,101.0,,
2027-03-01 18:51:37,101.0,,
2027-03-01 18:56:37,99.0,,
2027-03-01 19:01:37,98.0,,
2027-03-01 19:06:37,96.0,,
2027-03-01 19:07:23,,5.0,
2027-03-01 19:11:37,96.0,,
2027-03-01 19:16:23,,,60.0
2027-03-01 19:16:37,95.0,,
2027-03-01 19:21:37,95.0,,
2027-03-01 19:26:37,96.0,,
2027-03-01 19:31:37,97.0,,
2027-03-01 19:36:37,96.0,,
2027-03-01 19:41:37,98.0,,
2027-03-01 19:46:37,101.0,,
2027-03-01 19:51:37,101.0,,
2027-03-01 19:56:37,99.0,,
2027-03-01 20:01:37,101.0,,
2027-03-01 20:06:37,101.0,,
2027-03-01 20:11:37,101.0,,
2027-03-01 20:16:37,100.0,,
2027-03-01 20:21:37,101.0,,
2027-03-01 20:26:37,99.0,,
2027-03-01 20:31:37,98.0,,
2027-03-01 20:36:37,97.0,,
2027-03-01 20:41:37,96.0,,
2027-03-01 20:46:37,98.0,,
2027-03-01 20:51:37,100.0,,
2027-03-01 20:56:37,103.0,,
2027-03-01 21:01:37,100.0,,
2027-03-01 21:06:37,101.0,,
2027-03-01 21:11:37,101.0,,
2027-03-01 21:16:37,100.0,,
2027-03-01 21:21:37,99.0,,
2027-03-01 21:26:37,97.0,,
2027-03-01 21:31:37,100.0,,
2027-03-01 21:36:37,99.0,,
2027-03-01 21:41:37,102.0,,
2027-03-01 21:46:37,105.0,,
2027-03-01 21:51:37,106.0,,
2027-03-01 21:56:37,106.0,,
2027-03-01 22:01:37,106.0,,
2027-03-01 22:06:37,105.0,,
2027-03-01 22:11:37,104.0,,
2027-03-01 22:16:37,102.0,,
2027-03-01 22:21:37,103.0,,
2027-03-01 22:26:37,104.0,,
2027-03-01 22:31:37,105.0,,
2027-03-01 22:36:37,107.0,,
2027-03-01 22:41:37,108.0,,
2027-03-01 22:46:37,109.0,,
2027-03-01 22:51:37,112.0,,
2027-03-01 22:56:37,113.0,,
2027-03-01 23:01:37,114.0,,
2027-03-01 23:06:37,115.0,,
2027-03-01 23:11:37,116.0,,
2027-03-01 23:16:37,118.0,,
2027-03-01 23:21:37,116.0,,
2027-03-01 23:26:37,117.0,,
2027-03-01 23:31:37,114.0,,
2027-03-01 23:36:37,116.0,,
2027-03-01 23:41:37,118.0,,
2027-03-01 23:46:37,117.0,,
2027-03-01 23:51:37,120.0,,
2027-03-01 23:56:37,120.0,,
2027-03-02 00:01:37,124.0,,
2027-03-02 00:06:37,127.0,,
2027-03-02 00:11:37,127.0,,
2027-03-02 00:16:37,127.0,,
2027-03-02 00:21:37,128.0,,
2027-03-02 00:26:37,128.0,,
2027-03-02 00:31:37,128.0,,
2027-03-02 00:36:37,131.0,,
2027-03-02 00:41:37,129.0,,
2027-03-02 00:46:37,132.0,,
2027-03-02 00:51:37,137.0,,
2027-03-02 00:56:37,136.0,,
2027-03-02 01:01:37,137.0,,
2027-03-02 01:06:37,138.0,,
2027-03-02 01:11:37,140.0,,
2027-03-02 01:16:37,146.0,,
2027-03-02 01:21:37,146.0,,
2027-03-02 01:26:37,150.0,,
2027-03-02 01:31:37,153.0,,
2027-03-02 01:36:37,153.0,,
2027-03-02 01:41:37,156.0,,
2027-03-02 01:46:37,157.0,,
2027-03-02 01:51:37,157.0,,
2027-03-02 01:56:37,160.0,,
2027-03-02 02:01:37,160.0,,
2027-03-02 02:06:37,161.0,,
2027-03-02 02:11:37,162.0,,
2027-03-02 02:16:37,162.0,,
2027-03-02 02:21:37,168.0,,
2027-03-02 02:26:37,168.0,,
2027-03-02 02:31:37,168.0,,
2027-03-02 02:36:37,171.0,,
2027-03-02 02:41:37,171.0,,
2027-03-02 02:46:37,173.0,,
2027-03-02 02:51:37,175.0,,
2027-03-02 02:56:37,176.0,,
2027-03-02 03:01:37,178.0,,
2027-03-02 03:06:37,181.0,,
2027-03-02 03:11:37,187.0,,
2027-03-02 03:16:37,189.0,,
2027-03-02 03:21:37,191.0,,
2027-03-02 03:26:37,192.0,,
2027-03-02 03:31:37,192.0,,
2027-03-02 03:36:37,193.0,,
2027-03-02 03:41:37,191.0,,
2027-03-02 03:46:37,189.0,,
2027-03-02 03:51:37,188.0,,
2027-03-02 03:56:37,189.0,,
2027-03-02 04:01:37,192.0,,
2027-03-02 04:06:37,193.0,,
2027-03-02 04:11:37,190.0,,
2027-03-02 04:16:37,189.0,,
2027-03-02 04:21:37,189.0,,
2027-03-02 04:26:37,189.0,,
2027-03-02 04:31:37,190.0,,
2027-03-02 04:36:37,190.0,,
2027-03-02 04:41:37,191.0,,
2027-03-02 04:46:37,193.0,,
2027-03-02 04:51:37,192.0,,
2027-03-02 04:56:37,191.0,,
2027-03-02 05:01:37,192.0,,
2027-03-02 05:06:37,192.0,,
2027-03-02 05:11:37,192.0,,
2027-03-02 05:16:37,193.0,,
2027-03-02 05:21:37,194.0,,
2027-03-02 05:26:37,192.0,,
2027-03-02 05:31:37,190.0,,
2027-03-02 05:36:37,190.0,,
2027-03-02 05:41:37,190.0,,
2027-03-02 05:46:37,189.0,,
2027-03-02 05:51:37,191.0,,
2027-03-02 05:56:37,191.0,,
2027-03-02 06:01:37,192.0,,
2027-03-02 06:06:37,193.0,,
2027-03-02 06:11:37,189.0,,
2027-03-02 06:16:37,190.0,,
2027-03-02 06:21:37,191.0,,
2027-03-02 06:26:37,191.0,,
2027-03-02 06:31:37,191.0,,
2027-03-02 06:36:37,189.0,,
2027-03-02 06:41:37,188.0,,
2027-03-02 06:46:37,186.0,,
2027-03-02 06:51:37,182.0,,
2027-03-02 06:56:37,182.0,,
2027-03-02 07:34:29,,,45.0
2027-03-02 07:34:29,,4.5,
2027-03-02 07:51:37,172.0,,
2027-03-02 07:56:37,171.0,,
2027-03-02 08:01:37,169.0,,
2027-03-02 08:06:37,164.0,,
2027-03-02 08:11:37,159.0,,
2027-03-02 08:16:37,157.0,,
2027-03-02 08:21:37,158.0,,
2027-03-02 08:26:37,156.0,,
2027-03-02 08:31:37,153.0,,
2027-03-02 08:36:37,153.0,,
2027-03-02 08:41:37,153.0,,
2027-03-02 08:46:37,150.0,,
2027-03-02 08:51:37,149.0,,
2027-03-02 08:56:37,148.0,,
2027-03-02 09:01:37,146.0,,
2027-03-02 09:06:37,144.0,,
2027-03-02 09:11:37,144.0,,
2027-03-02 09:16:37,143.0,,
2027-03-02 09:21:37,143.0,,
2027-03-02 09:26:37,141.0,,
2027-03-02 09:31:37,140.0,,
2027-03-02 09:36:37,140.0,,
2027-03-02 09:41:37,138.0,,
2027-03-02 09:46:37,135.0,,
2027-03-02 09:51:37,134.0,,
2027-03-02 09:56:37,131.0,,
2027-03-02 10:01:37,128.0,,
2027-03-02 10:06:37,126.0,,
2027-03-02 10:11:37,125.0,,
2027-03-02 10:16:37,127.0,,
2027-03-02 10:21:37,125.0,,
2027-03-02 10:26:37,126.0,,
2027-03-02 10:31:37,128.0,,
2027-03-02 10:36:37,130.0,,
2027-03-02 10:41:37,130.0,,
2027-03-02 10:46:37,131.0,,
2027-03-02 10:51:37,132.0,,
2027-03-02 10:56:37,129.0,,
2027-03-02 11:01:37,124.0,,
2027-03-02 11:06:37,121.0,,
2027-03-02 11:11:37,121.0,,
2027-03-02 11:16:37,120.0,,
2027-03-02 11:21:37,116.0,,
2027-03-02 11:26:37,115.0,,
2027-03-02 11:31:37,118.0,,
2027-03-02 11:36:37,118.0,,
2027-03-02 11:41:37,119.0,,
2027-03-02 11:46:37,115.0,,
2027-03-02 11:51:37,116.0,,
2027-03-02 11:56:37,118.0,,
2027-03-02 12:01:37,116.0,,
2027-03-02 12:06:37,113.0,,
2027-03-02 12:11:37,111.0,,
2027-03-02 12:16:37,108.0,,
2027-03-02 12:21:37,108.0,,
2027-03-02 12:26:37,105.0,,
2027-03-02 12:31:37,101.0,,
2027-03-02 12:36:37,98.0,,
2027-03-02 12:41:37,97.0,,
2027-03-02 12:46:37,94.0,,
2027-03-02 12:49:54,,,70.0
2027-03-02 12:51:37,95.0,,
2027-03-02 12:53:54,,6.0,
2027-03-02 12:56:37,96.0,,
2027-03-02 13:01:37,94.0,,
2027-03-02 13:06:37,94.0,,
2027-03-02 13:11:37,91.0,,
2027-03-02 13:16:37,91.0,,
2027-03-02 13:21:37,90.0,,
2027-03-02 13:26:37,89.0,,
2027-03-02 13:31:37,87.0,,
2027-03-02 13:36:37,84.0,,
2027-03-02 13:41:37,80.0,,
2027-03-02 13:46:37,76.0,,
2027-03-02 13:51:37,79.0,,
2027-03-02 13:56:37,78.0,,
2027-03-02 14:01:37,77.0,,
2027-03-02 14:06:37,74.0,,
2027-03-02 14:11:37,77.0,,
2027-03-02 14:16:37,73.0,,
2027-03-02 14:21:37,73.0,,
2027-03-02 14:26:37,70.0,,
2027-03-02 14:31:37,72.0,,
2027-03-02 14:36:37,74.0,,
2027-03-02 14:41:37,72.0,,
2027-03-02 14:46:37,71.0,,
2027-03-02 14:51:37,70.0,,
2027-03-02 14:56:37,69.0,,
2027-03-02 15:01:37,71.0,,
2027-03-02 15:06:37,72.0,,
2027-03-02 15:11:37,69.0,,
2027-03-02 15:16:37,70.0,,
2027-03-02 15:21:37,73.0,,
2027-03-02 15:26:37,76.0,,
2027-03-02 15:31:37,75.0,,
2027-03-02 15:36:37,76.0,,
2027-03-02 15:41:37,77.0,,
2027-03-02 15:46:37,77.0,,
2027-03-02 15:51:37,73.0,,
2027-03-02 15:56:37,72.0,,
2027-03-02 16:01:37,74.0,,
2027-03-02 16:06:37,71.0,,
2027-03-02 16:11:37,76.0,,
2027-03-02 16:16:37,74.0,,
2027-03-02 16:21:37,75.0,,
2027-03-02 16:26:37,77.0,,
2027-03-02 16:31:37,77.0,,
2027-03-02 16:36:37,78.0,,
2027-03-02 16:41:37,79.0,,
2027-03-02 16:46:37,79.0,,
2027-03-02 16:51:37,79.0,,
2027-03-02 16:56:37,81.0,,
2027-03-02 17:01:37,84.0,,
2027-03-02 17:06:37,83.0,,
2027-03-02 17:11:37,83.0,,
2027-03-02 17:16:37,84.0,,
2027-03-02 17:21:37,84.0,,
2027-03-02 17:26:37,84.0,,
2027-03-02 17:31:37,87.0,,
2027-03-02 17:36:37,88.0,,
2027-03-02 17:41:37,89.0,,
2027-03-02 17:46:37,90.0,,
2027-03-02 17:51:37,93.0,,
2027-03-02 17:56:37,95.0,,
2027-03-02 18:01:37,98.0,,
2027-03-02 18:06:37,99.0,,
2027-03-02 18:11:37,100.0,,
2027-03-02 18:16:37,103.0,,
2027-03-02 18:21:37,106.0,,
2027-03-02 18:26:37,112.0,,
2027-03-02 18:31:37,115.0,,
2027-03-02 18:36:37,114.0,,
2027-03-02 18:41:37,117.0,,
2027-03-02 18:46:37,118.0,,
2027-03-02 18:51:37,120.0,,
2027-03-02 18:56:37,119.0,,
2027-03-02 19:01:37,121.0,,
2027-03-02 19:06:37,122.0,,
2027-03-02 19:11:37,121.0,,
2027-03-02 19:15:23,,,60.0
2027-03-02 19:16:37,127.0,,
2027-03-02 19:21:23,,5.0,
2027-03-02 19:21:37,128.0,,
2027-03-02 19:26:37,133.0,,
2027-03-02 19:31:37,136.0,,
2027-03-02 19:36:37,138.0,,
2027-03-02 19:41:37,138.0,,
2027-03-02 19:46:37,142.0,,
2027-03-02 19:51:37,142.0,,
2027-03-02 19:56:37,143.0,,
2027-03-02 20:01:37,143.0,,
2027-03-02 20:06:37,147.0,,
2027-03-02 20:11:37,150.0,,
2027-03-02 20:16:37,154.0,,
2027-03-02 20:21:37,157.0,,
2027-03-02 20:26:37,161.0,,
2027-03-02 20:31:37,162.0,,
2027-03-02 20:36:37,165.0,,
2027-03-02 20:41:37,167.0,,
2027-03-02 20:46:37,166.0,,
2027-03-02 20:51:37,169.0,,
2027-03-02 20:56:37,171.0,,
2027-03-02 21:01:37,172.0,,
2027-03-02 21:06:37,175.0,,
2027-03-02 21:11:37,176.0,,
2027-03-02 21:16:37,178.0,,
2027-03-02 21:21:37,181.0,,
2027-03-02 21:26:37,182.0,,
2027-03-02 21:31:37,186.0,,
2027-03-02 21:36:37,184.0,,
2027-03-02 21:41:37,186.0,,
2027-03-02 21:46:37,184.0,,
2027-03-02 21:51:37,184.0,,
2027-03-02 21:56:37,179.0,,
2027-03-02 22:01:37,183.0,,
2027-03-02 22:06:37,180.0,,
2027-03-02 22:11:37,182.0,,
2027-03-02 22:16:37,181.0,,
2027-03-02 22:21:37,180.0,,
2027-03-02 22:26:37,181.0,,
2027-03-02 22:31:37,181.0,,
2027-03-02 22:36:37,183.0,,
2027-03-02 22:41:37,182.0,,
2027-03-02 22:46:37,183.0,,
2027-03-02 22:51:37,185.0,,
2027-03-02 22:56:37,185.0,,
2027-03-02 23:01:37,185.0,,
2027-03-02 23:06:37,188.0,,
2027-03-02 23:11:37,190.0,,
2027-03-02 23:16:37,191.0,,
2027-03-02 23:21:37,193.0,,
2027-03-02 23:26:37,195.0,,
2027-03-02 23:31:37,198.0,,
2027-03-02 23:36:37,200.0,,
2027-03-02 23:41:37,197.0,,
2027-03-02 23:46:37,199.0,,
2027-03-02 23:51:37,200.0,,
2027-03-02 23:56:37,202.0,,
2027-03-03 00:01:37,203.0,,
2027-03-03 00:06:37,205.0,,
2027-03-03 00:11:37,207.0,,
2027-03-03 00:16:37,205.0,,
2027-03-03 00:21:37,206.0,,
2027-03-03 00:26:37,209.0,,
2027-03-03 00:31:37,210.0,,
2027-03-03 00:36:37,206.0,,
2027-03-03 00:41:37,202.0,,
2027-03-03 00:46:37,199.0,,
2027-03-03 00:51:37,196.0,,
2027-03-03 00:56:37,196.0,,
2027-03-03 01:01:37,195.0,,
2027-03-03 01:06:37,195.0,,
2027-03-03 01:11:37,194.0,,
2027-03-03 01:16:37,191.0,,
2027-03-03 01:21:37,193.0,,
2027-03-03 01:26:37,193.0,,
2027-03-03 01:31:37,190.0,,
2027-03-03 01:36:37,187.0,,
2027-03-03 01:41:37,187.0,,
2027-03-03 01:46:37,186.0,,
2027-03-03 01:51:37,185.0,,
2027-03-03 01:56:37,183.0,,
2027-03-03 02:01:37,182.0,,
2027-03-03 02:06:37,181.0,,
2027-03-03 02:11:37,180.0,,
2027-03-03 02:16:37,178.0,,
2027-03-03 02:21:37,180.0,,
2027-03-03 02:26:37,179.0,,
2027-03-03 02:31:37,178.0,,
2027-03-03 02:36:37,179.0,,
2027-03-03 02:41:37,179.0,,
2027-03-03 02:46:37,177.0,,
2027-03-03 02:51:37,174.0,,
2027-03-03 02:56:37,171.0,,
2027-03-03 03:01:37,169.0,,
2027-03-03 03:06:37,168.0,,
2027-03-03 03:11:37,169.0,,
2027-03-03 03:16:37,169.0,,
2027-03-03 03:21:37,169.0,,
2027-03-03 03:26:37,167.0,,
2027-03-03 03:31:37,169.0,,
2027-03-03 03:36:37,170.0,,
2027-03-03 03:41:37,169.0,,
2027-03-03 03:46:37,168.0,,
2027-03-03 03:51:37,168.0,,
2027-03-03 03:56:37,164.0,,
2027-03-03 04:01:37,161.0,,
2027-03-03 04:06:37,160.0,,
2027-03-03 04:11:37,156.0,,
2027-03-03 04:16:37,156.0,,
2027-03-03 04:21:37,157.0,,
2027-03-03 04:26:37,157.0,,
2027-03-03 04:31:37,156.0,,
2027-03-03 04:36:37,156.0,,
2027-03-03 04:41:37,155.0,,
2027-03-03 04:46:37,152.0,,
2027-03-03 04:51:37,150.0,,
2027-03-03 04:56:37,149.0,,
2027-03-03 05:01:37,148.0,,
2027-03-03 05:06:37,146.0,,
2027-03-03 05:11:37,143.0,,
2027-03-03 05:16:37,143.0,,
2027-03-03 05:21:37,143.0,,
2027-03-03 05:26:37,144.0,,
2027-03-03 05:31:37,143.0,,
2027-03-03 05:36:37,142.0,,
2027-03-03 05:41:37,144.0,,
2027-03-03 05:46:37,142.0,,
2027-03-03 05:51:37,141.0,,
2027-03-03 05:56:37,142.0,,
2027-03-03 06:01:37,143.0,,
2027-03-03 06:06:37,142.0,,
2027-03-03 06:11:37,144.0,,
2027-03-03 06:16:37,141.0,,
2027-03-03 06:21:37,140.0,,
2027-03-03 06:26:37,139.0,,
2027-03-03 06:31:37,140.0,,
2027-03-03 06:36:37,139.0,,
2027-03-03 06:41:37,141.0,,
2027-03-03 06:46:37,139.0,,
2027-03-03 06:51:37,138.0,,
2027-03-03 06:56:37,138.0,,
2027-03-03 07:01:37,136.0,,
2027-03-03 07:06:37,135.0,,
2027-03-03 07:11:37,135.0,,
2027-03-03 07:16:37,135.0,,
2027-03-03 07:21:37,134.0,,
2027-03-03 07:26:37,135.0,,
2027-03-03 07:29:42,,4.5,
2027-03-03 07:30:42,,,45.0
2027-03-03 07:31:37,135.0,,
2027-03-03 07:36:37,133.0,,
2027-03-03 07:41:37,131.0,,
2027-03-03 07:46:37,132.0,,
2027-03-03 07:51:37,130.0,,
2027-03-03 07:56:37,130.0,,
2027-03-03 08:01:37,128.0,,
2027-03-03 08:06:37,125.0,,
2027-03-03 08:11:37,124.0,,
2027-03-03 08:16:37,125.0,,
2027-03-03 08:21:37,128.0,,
2027-03-03 08:26:37,127.0,,
2027-03-03 08:31:37,124.0,,
2027-03-03 08:36:37,121.0,,
2027-03-03 08:41:37,118.0,,
2027-03-03 08:46:37,116.0,,
2027-03-03 08:51:37,115.0,,
2027-03-03 08:56:37,118.0,,
2027-03-03 09:01:37,119.0,,
2027-03-03 09:06:37,120.0,,
2027-03-03 09:11:37,117.0,,
2027-03-03 09:16:37,116.0,,
2027-03-03 09:21:37,118.0,,
2027-03-03 09:26:37,119.0,,
2027-03-03 09:31:37,119.0,,
2027-03-03 09:36:37,120.0,,
2027-03-03 09:41:37,121.0,,
2027-03-03 09:46:37,120.0,,
2027-03-03 09:51:37,119.0,,
2027-03-03 09:56:37,119.0,,
2027-03-03 10:01:37,121.0,,
2027-03-03 10:06:37,121.0,,
2027-03-03 10:11:37,124.0,,
2027-03-03 10:16:37,124.0,,
2027-03-03 10:21:37,123.0,,
2027-03-03 10:26:37,124.0,,
2027-03-03 10:31:37,123.0,,
2027-03-03 10:36:37,122.0,,
2027-03-03 10:41:37,123.0,,
2027-03-03 10:46:37,121.0,,
2027-03-03 10:51:37,118.0,,
2027-03-03 10:56:37,121.0,,
2027-03-03 11:01:37,123.0,,
2027-03-03 11:06:37,121.0,,
2027-03-03 11:11:37,121.0,,
2027-03-03 11:16:37,125.0,,
2027-03-03 11:21:37,127.0,,
2027-03-03 11:26:37,128.0,,
2027-03-03 11:31:37,130.0,,
2027-03-03 11:36:37,127.0,,
2027-03-03 11:41:37,123.0,,
2027-03-03 11:46:37,126.0,,
2027-03-03 11:51:37,127.0,,
2027-03-03 11:56:37,127.0,,
2027-03-03 12:01:37,130.0,,
2027-03-03 12:06:37,132.0,,
2027-03-03 12:11:37,133.0,,
2027-03-03 12:16:37,136.0,,
2027-03-03 12:21:37,138.0,,
2027-03-03 12:26:37,141.0,,
2027-03-03 12:31:37,141.0,,
2027-03-03 12:36:37,143.0,,
2027-03-03 12:41:37,148.0,,
2027-03-03 12:46:37,149.0,,
2027-03-03 12:47:42,,,70.0
2027-03-03 12:51:37,150.0,,
2027-03-03 12:53:42,,6.0,
2027-03-03 12:56:37,152.0,,
2027-03-03 13:01:37,153.0,,
2027-03-03 13:06:37,154.0,,
2027-03-03 13:11:37,154.0,,
2027-03-03 13:16:37,153.0,,
2027-03-03 13:21:37,154.0,,
2027-03-03 13:26:37,152.0,,
2027-03-03 13:31:37,152.0,,
2027-03-03 13:36:37,153.0,,
2027-03-03 13:41:37,152.0,,
2027-03-03 13:46:37,154.0,,
2027-03-03 13:51:37,156.0,,
2027-03-03 13:56:37,161.0,,
2027-03-03 14:01:37,161.0,,
2027-03-03 14:06:37,164.0,,
2027-03-03 14:11:37,162.0,,
2027-03-03 14:16:37,164.0,,
2027-03-03 14:21:37,163.0,,
2027-03-03 14:26:37,163.0,,
2027-03-03 14:31:37,163.0,,
2027-03-03 14:36:37,164.0,,
2027-03-03 14:41:37,165.0,,
2027-03-03 14:46:37,167.0,,
2027-03-03 14:51:37,170.0,,
2027-03-03 14:56:37,172.0,,
2027-03-03 15:01:37,173.0,,
2027-03-03 15:06:37,176.0,,
2027-03-03 15:11:37,173.0,,
2027-03-03 15:16:37,173.0,,
2027-03-03 15:21:37,176.0,,
2027-03-03 15:26:37,178.0,,
2027-03-03 15:31:37,176.0,,
2027-03-03 15:36:37,178.0,,
2027-03-03 15:41:37,175.0,,
2027-03-03 15:46:37,176.0,,
2027-03-03 15:51:37,178.0,,
2027-03-03 15:56:37,177.0,,
2027-03-03 16:01:37,178.0,,
2027-03-03 16:06:37,179.0,,
2027-03-03 16:11:37,178.0,,
2027-03-03 16:16:37,177.0,,
2027-03-03 16:21:37,179.0,,
2027-03-03 16:26:37,183.0,,
2027-03-03 16:31:37,184.0,,
2027-03-03 16:36:37,186.0,,
2027-03-03 16:41:37,189.0,,
2027-03-03 16:46:37,188.0,,
2027-03-03 16:51:37,189.0,,
2027-03-03 16:56:37,193.0,,
2027-03-03 17:01:37,195.0,,
2027-03-03 17:06:37,200.0,,
2027-03-03 17:11:37,199.0,,
2027-03-03 17:16:37,198.0,,
2027-03-03 17:21:37,198.0,,
2027-03-03 17:26:37,198.0,,
2027-03-03 17:31:37,199.0,,
2027-03-03 17:36:37,197.0,,
2027-03-03 17:41:37,198.0,,
2027-03-03 17:46:37,198.0,,
2027-03-03 17:51:37,200.0,,
2027-03-03 17:56:37,202.0,,
2027-03-03 18:01:37,202.0,,
2027-03-03 18:06:37,200.0,,
2027-03-03 18:11:37,198.0,,
2027-03-03 18:16:37,197.0,,
2027-03-03 18:21:37,198.0,,
2027-03-03 18:26:37,200.0,,
2027-03-03 18:31:37,201.0,,
2027-03-03 18:36:37,198.0,,
2027-03-03 18:41:37,199.0,,
2027-03-03 18:46:37,197.0,,
2027-03-03 18:51:37,196.0,,
2027-03-03 18:56:37,198.0,,
2027-03-03 19:01:37,200.0,,
2027-03-03 19:06:37,202.0,,
2027-03-03 19:11:37,200.0,,
2027-03-03 19:16:37,202.0,,
2027-03-03 19:19:06,,,60.0
2027-03-03 19:21:37,203.0,,
2027-03-03 19:23:06,,5.0,
2027-03-03 19:26:37,204.0,,
2027-03-03 19:31:37,203.0,,
2027-03-03 19:36:37,206.0,,
2027-03-03 19:41:37,207.0,,
2027-03-03 19:46:37,211.0,,
2027-03-03 19:51:37,209.0,,
2027-03-03 19:56:37,209.0,,
2027-03-03 20:01:37,209.0,,
2027-03-03 20:06:37,210.0,,
2027-03-03 20:11:37,206.0,,
2027-03-03 20:16:37,209.0,,
2027-03-03 20:21:37,209.0,,
2027-03-03 20:26:37,210.0,,
2027-03-03 20:31:37,208.0,,
2027-03-03 20:36:37,208.0,,
2027-03-03 20:41:37,205.0,,
2027-03-03 20:46:37,203.0,,
2027-03-03 20:51:37,203.0,,
2027-03-03 20:56:37,200.0,,
2027-03-03 21:01:37,199.0,,
2027-03-03 21:06:37,201.0,,
2027-03-03 21:11:37,200.0,,
2027-03-03 21:16:37,199.0,,
2027-03-03 21:21:37,199.0,,
2027-03-03 21:26:37,198.0,,
2027-03-03 21:31:37,199.0,,
2027-03-03 21:36:37,194.0,,
2027-03-03 21:41:37,194.0,,
2027-03-03 21:46:37,194.0,,
2027-03-03 21:51:37,194.0,,
2027-03-03 21:56:37,191.0,,
2027-03-03 22:01:37,190.0,,
2027-03-03 22:06:37,187.0,,
2027-03-03 22:11:37,185.0,,
2027-03-03 22:16:37,184.0,,
2027-03-03 22:21:37,185.0,,
2027-03-03 22:26:37,183.0,,
2027-03-03 22:31:37,181.0,,
2027-03-03 22:36:37,177.0,,
2027-03-03 22:41:37,177.0,,
2027-03-03 22:46:37,177.0,,
2027-03-03 22:51:37,175.0,,
2027-03-03 22:56:37,175.0,,
2027-03-03 23:01:37,173.0,,
2027-03-03 23:06:37,171.0,,
2027-03-03 23:11:37,169.0,,
2027-03-03 23:16:37,168.0,,
2027-03-03 23:21:37,167.0,,
2027-03-03 23:26:37,168.0,,
2027-03-03 23:31:37,168.0,,
2027-03-03 23:36:37,167.0,,
2027-03-03 23:41:37,168.0,,
2027-03-03 23:46:37,166.0,,
2027-03-03 23:51:37,165.0,,
2027-03-03 23:56:37,166.0,,
2027-03-04 00:01:37,167.0,,
2027-03-04 00:06:37,165.0,,
2027-03-04 00:11:37,164.0,,
2027-03-04 00:16:37,163.0,,
2027-03-04 00:21:37,163.0,,
2027-03-04 00:26:37,161.0,,
2027-03-04 00:31:37,161.0,,
2027-03-04 00:36:37,159.0,,
2027-03-04 00:41:37,159.0,,
2027-03-04 00:46:37,156.0,,
2027-03-04 00:51:37,154.0,,
2027-03-04 00:56:37,155.0,,
2027-03-04 01:01:37,157.0,,
2027-03-04 01:06:37,155.0,,
2027-03-04 01:11:37,156.0,,
2027-03-04 01:16:37,156.0,,
2027-03-04 01:21:37,155.0,,
2027-03-04 01:26:37,153.0,,
2027-03-04 01:31:37,153.0,,
2027-03-04 01:36:37,151.0,,
2027-03-04 01:41:37,149.0,,
2027-03-04 01:46:37,146.0,,
2027-03-04 01:51:37,146.0,,
2027-03-04 01:56:37,142.0,,
2027-03-04 02:01:37,141.0,,
2027-03-04 02:06:37,137.0,,
2027-03-04 02:11:37,135.0,,
2027-03-04 02:16:37,135.0,,
2027-03-04 02:21:37,134.0,,
2027-03-04 02:26:37,136.0,,
2027-03-04 02:31:37,136.0,,
2027-03-04 02:36:37,136.0,,
2027-03-04 02:41:37,137.0,,
2027-03-04 02:46:37,133.0,,
2027-03-04 02:51:37,134.0,,
2027-03-04 02:56:37,135.0,,
2027-03-04 03:01:37,134.0,,
2027-03-04 03:06:37,133.0,,
2027-03-04 03:11:37,132.0,,
2027-03-04 03:16:37,132.0,,
2027-03-04 03:21:37,132.0,,
2027-03-04 03:26:37,131.0,,
2027-03-04 03:31:37,132.0,,
2027-03-04 03:36:37,132.0,,
2027-03-04 03:41:37,134.0,,
2027-03-04 03:46:37,132.0,,
2027-03-04 03:51:37,133.0,,
2027-03-04 03:56:37,134.0,,
2027-03-04 04:01:37,131.0,,
2027-03-04 04:06:37,127.0,,
2027-03-04 04:11:37,126.0,,
2027-03-04 04:16:37,123.0,,
2027-03-04 04:21:37,119.0,,
2027-03-04 04:26:37,118.0,,
2027-03-04 04:31:37,117.0,,
2027-03-04 04:36:37,115.0,,
2027-03-04 04:41:37,116.0,,
2027-03-04 04:46:37,117.0,,
2027-03-04 04:51:37,117.0,,
2027-03-04 04:56:37,118.0,,
2027-03-04 05:01:37,119.0,,
2027-03-04 05:06:37,121.0,,
2027-03-04 05:11:37,124.0,,
2027-03-04 05:16:37,124.0,,
2027-03-04 05:21:37,123.0,,
2027-03-04 05:26:37,124.0,,
2027-03-04 05:31:37,122.0,,
2027-03-04 05:36:37,121.0,,
2027-03-04 05:41:37,121.0,,
2027-03-04 05:46:37,119.0,,
2027-03-04 05:51:37,120.0,,
2027-03-04 05:56:37,120.0,,
