patient,n_feature_rows_training,n_training_rows_affected,n_eligible_eval,n_affected_bolus,n_affected_meal,n_affected_any,n_causal_refused,MARD_research,MARD_causal,RMSE_research,RMSE_causal,MARD_affected_research,MARD_affected_causal,pct_affected_bolus,pct_affected_meal,pct_affected_any,pct_training_rows_affected
540,15027,375,14907,356,7,363,17,11.584188943370446,11.623291216417977,19.49287050717635,19.62840601423785,13.241378844247077,14.847157313446878,2.388139800093916,0.04695780505802643,2.435097605151942,2.495508085446197
544,13501,211,13383,149,123,200,7,8.189501899225064,8.148545547381778,17.602565802351013,17.563643437016143,12.462653719342729,9.722059435749166,1.113352760965404,0.9190764402600314,1.4944332361951729,1.5628471965039628
552,11698,372,11529,336,24,358,23,9.419331426748775,9.456502236029966,17.440577286009198,17.563825321499653,9.431542823544998,10.628588243106096,2.914389799635701,0.20817069997397866,3.105212941278515,3.180030774491366
559,13609,200,13362,153,24,177,18,10.136667972493276,10.146949816101298,21.61602117879561,21.67762613292421,11.254903902367518,12.03109596050522,1.1450381679389312,0.1796138302649304,1.3246519982038616,1.4696156954956279
563,14800,437,14731,393,44,431,7,8.320953904061229,8.324500906043433,15.778729014805863,15.812057574633451,9.664897712840746,9.78612946736469,2.6678433236032855,0.29868983775711083,2.9258027289389723,2.9527027027027026
567,13618,338,13306,285,12,296,23,9.98743195871506,10.015549658939586,19.898567848881164,20.01366711449105,10.387251517597186,11.651218136474082,2.1418908762964075,0.090184879001954,2.2245603487148653,2.482009105595535
570,13881,395,13752,355,128,375,15,6.861819059607216,6.82793307391777,16.474952318027803,16.45675555213593,10.278513349059676,9.03584648185633,2.5814426992437465,0.9307737056428156,2.7268760907504364,2.8456163100641163
575,14862,360,14674,201,154,342,53,11.030747169379435,11.039767996480442,19.581250825333587,19.625699786808422,14.22083827422277,14.607889785568249,1.3697696606242333,1.0494752623688155,2.3306528553904866,2.4222850222042793
584,15174,340,14978,274,51,323,35,9.871265021771553,9.887693862171192,24.10247791630176,24.155303796995355,9.565904517281144,10.327734769621186,1.8293497129122713,0.3404993991187074,2.1564961944184806,2.2406748385396074
588,15499,313,15431,212,157,313,5,9.368476853325372,9.365425151068715,20.084965158380594,20.105591170137984,11.936950130339943,11.78650023410199,1.3738578186766899,1.0174324411898128,2.0283844209707733,2.019485128072779
591,13760,351,13660,266,118,345,17,11.96986050392571,11.950409182966181,22.013449793667004,22.014548079979008,13.068319281776358,12.298159733059943,1.9472913616398244,0.8638360175695461,2.5256222547584186,2.550872093023256
596,13792,363,13663,209,174,359,9,8.797314834585713,8.78481314355506,17.478135011277,17.478311009651417,10.880477087600962,10.40468153174628,1.5296786942838323,1.273512405767401,2.627534216497109,2.6319605568445477
