dataset,threshold,model,rows,n_points,n_low_points,n_alerts,TP,FP,FN,sensitivity,sens_ci_lo,sens_ci_hi,precision,prec_ci_lo,prec_ci_hi,specificity,spec_ci_lo,spec_ci_hi
Ohio LOSO,70,Persistence,all rows,167376,5536,5511,2951,2560,2585,53.30563583815029,42.983400888733605,61.1818441442176,53.54745055343858,44.00348674036314,61.04405202164865,98.41819080573406,97.88452658847567,98.91279962483354
Ohio LOSO,70,Persistence,glucose at t >= 70,161865,2585,0,0,0,2585,0.0,0.0,0.0,,,,100.0,100.0,100.0
Ohio LOSO,70,Ridge,all rows,167376,5536,3650,2229,1421,3307,40.263728323699425,33.23362820218808,44.890744547909854,61.06849315068493,50.240734551987806,69.09015834401798,99.1219723183391,98.87954270001347,99.36655963684467
Ohio LOSO,70,Ridge,glucose at t >= 70,161865,2585,625,256,369,2329,9.90328820116054,8.287520418597856,11.354258682240392,40.96,32.91361214825608,48.2968534906588,99.76833249623304,99.71412643065788,99.82379487351102
Ohio LOSO,70,RandomForest,all rows,167376,5536,2165,1584,581,3952,28.61271676300578,23.387822802898846,33.69814853050222,73.16397228637413,62.72654297193223,80.04929542002122,99.64100346020761,99.54297844310173,99.73864427639369
Ohio LOSO,70,RandomForest,glucose at t >= 70,161865,2585,109,70,39,2515,2.7079303675048356,1.9797475344625308,3.568551282661837,64.22018348623854,55.82632064715782,73.41856166685336,99.97551481667503,99.96166394757941,99.98645785320787
Ohio LOSO,70,MLP,all rows,167376,5536,2891,1962,929,3574,35.440751445086704,26.126077833019167,43.78600122034773,67.86579038395018,56.977483535472096,76.607404464194,99.42597627286209,99.15006840662784,99.62695999014893
Ohio LOSO,70,MLP,glucose at t >= 70,161865,2585,530,278,252,2307,10.754352030947775,6.145208942495127,15.748501906258827,52.45283018867924,44.51147756066782,61.15303010745748,99.84178804620794,99.73810669277763,99.91017825463939
Ohio LOSO,70,LightGBM,all rows,167376,5536,1941,1432,509,4104,25.86705202312139,21.225128451059756,29.649560584747654,73.77640391550747,63.93737567490765,80.76387777938555,99.68549184379634,99.5763517735394,99.78580739820116
Ohio LOSO,70,LightGBM,glucose at t >= 70,161865,2585,14,12,2,2573,0.46421663442940037,0.20217745839231716,0.7941218066573235,85.71428571428571,66.66666666666666,100.0,99.99874434957307,99.99683262544566,100.0
Ohio LOSO,70,Stacking,all rows,167376,5536,2126,1545,581,3991,27.908236994219653,22.736282948227124,31.962070939277154,72.67168391345248,62.254620973316875,79.9747964263973,99.64100346020761,99.51929972212974,99.75508510741507
Ohio LOSO,70,Stacking,glucose at t >= 70,161865,2585,13,8,5,2577,0.3094777562862669,0.1439248150729796,0.46314328909117225,61.53846153846154,33.33333333333333,87.5,99.9968608739327,99.99388693256573,99.9993781682315
Ohio LOSO,80,Persistence,all rows,167376,5536,11037,4164,6873,1372,75.21676300578035,68.60055560609524,80.34820580000513,37.72764338135362,30.400335968217547,44.01742736184899,95.75321304992586,94.56815918151676,96.91969212233339
Ohio LOSO,80,Persistence,glucose at t >= 70,161865,2585,5526,1213,4313,1372,46.92456479690522,41.99918890633177,51.6090277603306,21.95077813970322,19.423946951194253,23.804148700192716,97.29218985434454,96.56243198118761,98.01472205899717
Ohio LOSO,80,Ridge,all rows,167376,5536,8055,4000,4055,1536,72.25433526011561,65.60860092914152,77.22528948989168,49.65859714463066,40.68791115671075,57.162802452112075,97.49443895205141,96.81871167247947,98.11087446879878
Ohio LOSO,80,Ridge,glucose at t >= 70,161865,2585,3012,1119,1893,1466,43.28820116054158,40.765905807696896,45.57176815265363,37.15139442231076,31.366654669005488,42.41481718371764,98.81152687091912,98.54647183950404,99.03863253867542
Ohio LOSO,80,RandomForest,all rows,167376,5536,7504,3648,3856,1888,65.89595375722543,59.05215132646554,71.91996840998995,48.61407249466951,39.91288577487431,56.054414287334396,97.61739990113692,96.88240784249128,98.27361930179515
Ohio LOSO,80,RandomForest,glucose at t >= 70,161865,2585,3462,1090,2372,1495,42.16634429400386,36.93737188369472,47.62857888473824,31.484690930098207,27.493011117302885,34.524462456208326,98.51079859367152,98.06253737165524,98.8969875771319
Ohio LOSO,80,MLP,all rows,167376,5536,8042,3793,4249,1743,68.51517341040463,60.14192628736593,75.4654686041471,47.16488435712509,38.431418018669774,54.67559546735487,97.37456747404845,96.40399932472684,98.10585708926978
Ohio LOSO,80,MLP,glucose at t >= 70,161865,2585,3866,1205,2661,1380,46.61508704061896,39.78407559421711,53.55468647480763,31.16916709777548,26.897798416961187,35.096840127618975,98.32935710698142,97.68191211345992,98.7971615022189
Ohio LOSO,80,LightGBM,all rows,167376,5536,6978,3583,3395,1953,64.72182080924856,57.92988613631677,71.3388738550444,51.34709085697907,42.004380631253106,59.514308797832136,97.9022491349481,97.26323421973663,98.46614290390288
Ohio LOSO,80,LightGBM,glucose at t >= 70,161865,2585,2792,953,1839,1632,36.86653771760155,31.42183966331683,42.3531624622371,34.13323782234957,29.46643380921517,37.75704685633957,98.84542943244601,98.51327213596561,99.13270042000926
Ohio LOSO,80,Stacking,all rows,167376,5536,7475,3741,3734,1795,67.57586705202311,60.98411408163814,73.55393426145969,50.046822742474916,40.97152550846218,57.979339900994646,97.69278299555117,96.97631427478792,98.31758546189424
Ohio LOSO,80,Stacking,glucose at t >= 70,161865,2585,3173,1065,2108,1520,41.19922630560928,36.45771474573436,46.07797940249945,33.56445004727387,28.798530485189318,37.398615124075214,98.67654445002512,98.28803388224784,99.00687855891526
HUPA MAIN,70,Persistence,all rows,99855,6600,6630,4286,2344,2314,64.93939393939394,59.961873148980075,72.382990629862,64.64555052790347,59.774711944690715,71.57134020527795,97.48646185191141,96.93404975898814,97.77370057287798
HUPA MAIN,70,Persistence,glucose at t >= 70,93225,2314,0,0,0,2314,0.0,0.0,0.0,,,,100.0,100.0,100.0
HUPA MAIN,70,Ridge,all rows,99855,6600,5954,3751,2203,2849,56.833333333333336,50.07553794893907,70.80224499796844,62.999664091367144,55.287634816472575,73.99196895189341,97.63766017907886,97.00303054630628,97.76984462547125
HUPA MAIN,70,Ridge,glucose at t >= 70,93225,2314,1789,681,1108,1633,29.429559204840107,26.467381172653038,39.75913621262457,38.065958636109556,33.86279806259314,48.44504901388727,98.78122559426252,98.41757734209672,98.931502336526
HUPA MAIN,70,RandomForest,all rows,99855,6600,2394,2019,375,4581,30.59090909090909,25.478327553818268,40.78402815847,84.3358395989975,79.22332716620413,88.1715859140759,99.59787678944829,99.3518518639446,99.65483683188606
HUPA MAIN,70,RandomForest,glucose at t >= 70,93225,2314,23,16,7,2298,0.6914433880726015,0.0,0.9618875516828949,69.56521739130434,0.0,83.33333333333334,99.9923001616966,99.98747162421768,99.99652414668603
HUPA MAIN,70,MLP,all rows,99855,6600,2773,2282,491,4318,34.57575757575758,29.160134291728067,44.40073783927844,82.29354489722323,76.81929169863324,88.09071218436665,99.47348667631762,99.24659172350627,99.55129387933437
HUPA MAIN,70,MLP,glucose at t >= 70,93225,2314,135,70,65,2244,3.025064822817632,1.5689384929755827,3.6413283501047022,51.85185185185185,38.63199300699301,58.97540983606557,99.92850150146847,99.90622245121631,99.95569972436999
HUPA MAIN,70,LightGBM,all rows,99855,6600,2581,2171,410,4429,32.89393939393939,26.828530958534756,45.32139400156719,84.11468423091824,78.66435962726189,87.53143529307648,99.56034528979679,99.24594367581801,99.63611603023345
HUPA MAIN,70,LightGBM,glucose at t >= 70,93225,2314,0,0,0,2314,0.0,0.0,0.0,,,,100.0,100.0,100.0
HUPA MAIN,70,Stacking,all rows,99855,6600,3006,2446,560,4154,37.06060606060606,31.01718520075678,49.34442197147115,81.37059214903526,75.4563238511064,85.86608200057795,99.39949600557611,99.06729046377797,99.47579524975305
HUPA MAIN,70,Stacking,glucose at t >= 70,93225,2314,2,0,2,2314,0.0,0.0,0.0,0.0,0.0,0.0,99.99780004619903,99.99687416297178,100.0
HUPA MAIN,80,Persistence,all rows,99855,6600,12220,5522,6698,1078,83.66666666666667,80.30047344206369,87.65070514065465,45.18821603927987,39.59096243231656,57.648777336426846,92.81754329526566,92.3069552800778,94.1819173719196
HUPA MAIN,80,Persistence,glucose at t >= 70,93225,2314,5590,1236,4354,1078,53.414001728608476,49.71898936565777,55.50841381584536,22.11091234347048,19.38287821022332,30.828144240417245,95.21070057528792,94.72665481758168,96.77317535555731
HUPA MAIN,80,Ridge,all rows,99855,6600,10478,5470,5008,1130,82.87878787878788,79.69876413371634,89.34604682887176,52.20461920213781,45.15527170558484,62.907307752488926,94.62977856415206,94.00384520808056,95.029495438074
HUPA MAIN,80,Ridge,glucose at t >= 70,93225,2314,4431,1315,3116,999,56.82800345721694,53.91900794943363,66.2057107448831,29.67727375310314,26.05156285909161,37.720847557253634,96.57247197808846,96.13200541885972,97.04097789171935
HUPA MAIN,80,RandomForest,all rows,99855,6600,7369,4343,3026,2257,65.80303030303031,60.665173381287,73.89337717382611,58.936083593431945,52.738982529527554,70.89128542015635,96.75513377298805,96.52648796167696,97.29625659578409
HUPA MAIN,80,RandomForest,glucose at t >= 70,93225,2314,2352,640,1712,1674,27.657735522904066,23.053079628798084,30.520903392794374,27.2108843537415,23.964793744959323,39.49521772501113,98.11683954636953,97.90881958374746,98.85096310744342
HUPA MAIN,80,MLP,all rows,99855,6600,7314,4302,3012,2298,65.18181818181819,60.21995228809055,72.04217037312098,58.81870385561936,53.083124315285716,71.24269529288154,96.77014637284864,96.5256070106171,97.45959153854254
HUPA MAIN,80,MLP,glucose at t >= 70,93225,2314,2375,647,1728,1667,27.960242005185826,24.21864169362292,30.75005859996316,27.242105263157896,24.601863246975643,38.97842027723833,98.09923991596176,97.89686000709926,98.82331771917909
HUPA MAIN,80,LightGBM,all rows,99855,6600,7247,4351,2896,2249,65.92424242424244,61.092447880636,72.67855321770783,60.03863667724576,53.9113712374582,72.05536897480704,96.8945364859793,96.63668703661077,97.47102809961154
HUPA MAIN,80,LightGBM,glucose at t >= 70,93225,2314,1998,573,1425,1741,24.762316335350043,21.727481480316445,26.079378435340644,28.678678678678676,25.59441483639761,40.765891398497885,98.43253291680874,98.24621002860455,99.05880838052244
HUPA MAIN,80,Stacking,all rows,99855,6600,8438,4798,3640,1802,72.69696969696969,68.8432561917183,79.43670484847839,56.86181559611282,50.46363182141652,69.64715124296276,96.09672403624471,95.82529528992248,96.84585201077077
HUPA MAIN,80,Stacking,glucose at t >= 70,93225,2314,2962,899,2063,1415,38.8504753673293,36.43509910898432,43.260927019440906,30.35111411208643,26.575361833241146,44.11515968308421,97.73074765429925,97.47959825274228,98.57787072939973
