dataset,threshold,model,n_patients,n_low_episodes,n_episodes_skipped_no_onset,detected,detection_rate,det_ci_lo,det_ci_hi,detected_15min_warning,detection_15min_rate,det15_ci_lo,det15_ci_hi,median_lead_min,lead_q25_min,lead_q75_min,n_alert_episodes,n_false_alarms,alert_precision,alert_prec_ci_lo,alert_prec_ci_hi,patient_days,false_alarms_per_day,fa_day_ci_lo,fa_day_ci_hi
Ohio LOSO,70,Persistence,12,419,6,419,100.0,100.0,100.0,66,15.75178997613365,12.686450802122446,19.54085457271364,0.0,0.0,0.0,0,0,,,,652,0.0,0.0,0.0
Ohio LOSO,70,Ridge,12,419,6,309,73.74701670644392,69.36591322126306,78.230133437698,103,24.58233890214797,20.0,29.658862229102155,5.0,0.0,20.0,387,126,67.44186046511628,61.877966071681534,72.19254747353487,652,0.19325153374233128,0.14791235600557637,0.23824170720292712
Ohio LOSO,70,RandomForest,12,419,6,173,41.288782816229116,34.19448001257989,49.87842892768079,48,11.455847255369928,7.691929133858268,16.997354896458774,5.0,0.0,20.0,89,10,88.76404494382022,83.75,94.38358302122346,652,0.015337423312883436,0.006106637497672687,0.0264797507788162
Ohio LOSO,70,MLP,12,419,6,244,58.233890214797135,45.60526407712729,72.31573705179281,102,24.3436754176611,14.950428631168105,34.43200976687401,10.0,5.0,25.0,294,80,72.78911564625851,68.02296260304269,77.93554235862939,652,0.12269938650306748,0.07056962919031885,0.20149398357051948
Ohio LOSO,70,LightGBM,12,419,6,97,23.15035799522673,19.092851026617357,29.067002967359052,25,5.966587112171838,3.8076025146740182,9.062545687134502,0.0,0.0,20.0,14,0,100.0,100.0,100.0,652,0.0,0.0,0.0
Ohio LOSO,70,Stacking,12,419,6,119,28.400954653937948,22.506393861892583,34.384355300859596,30,7.159904534606206,4.877456784276581,10.337433510638293,0.0,0.0,12.5,13,1,92.3076923076923,75.0,100.0,652,0.0015337423312883436,0.0,0.004761904761904762
Ohio LOSO,80,Persistence,12,419,6,419,100.0,100.0,100.0,246,58.711217183770884,52.921570616883116,64.69212962962962,15.0,10.0,40.0,1214,671,44.728171334431636,41.42870411023675,47.01779879023847,652,1.0291411042944785,0.7932624619482496,1.2839383364808274
Ohio LOSO,80,Ridge,12,419,6,417,99.52267303102626,98.9216867909919,100.0,327,78.04295942720763,73.65847102019407,81.37267406962785,20.0,15.0,40.0,1084,489,54.889298892988926,47.67286643240842,59.68558014075243,652,0.75,0.6117967310578001,0.8965098349139444
Ohio LOSO,80,RandomForest,12,419,6,403,96.18138424821002,93.14695929133075,98.6487623987624,303,72.31503579952268,67.1422902494331,78.07253672223139,25.0,15.0,45.0,963,468,51.4018691588785,45.22119243555174,56.208454061244964,652,0.7177914110429447,0.5656602855288774,0.8812119128405721
Ohio LOSO,80,MLP,12,419,6,393,93.7947494033413,90.10599040363344,96.32050092764378,329,78.52028639618138,71.54592170141983,84.87243993618975,25.0,15.0,50.0,1042,546,47.60076775431862,40.74836757669575,53.7396801658651,652,0.8374233128834356,0.6267669191667498,1.1087661766695225
Ohio LOSO,80,LightGBM,12,419,6,405,96.65871121718376,94.08266496536639,98.75780250604936,266,63.48448687350835,55.97805027728332,71.22049601500787,20.0,10.0,40.0,870,371,57.35632183908046,51.583238362409055,61.42055113792158,652,0.5690184049079755,0.4493865030674847,0.7168643083759244
Ohio LOSO,80,Stacking,12,419,6,411,98.09069212410502,95.9178845039593,99.46381893910379,284,67.78042959427208,61.94890458493316,73.43040979510245,20.0,10.0,40.0,938,417,55.54371002132196,48.93579583522262,60.68203615855548,652,0.6395705521472392,0.5131652929055048,0.7940318856592441
HUPA MAIN,70,Persistence,19,881,50,855,97.04880817253121,94.72138485637784,97.66484852695942,102,11.577752553916005,6.6983539995956605,13.848622598471922,0.0,0.0,0.0,0,0,,,,965,0.0,0.0,0.0
HUPA MAIN,70,Ridge,19,881,50,761,86.37911464245175,84.96577009556206,92.38103122043519,563,63.90465380249716,60.64563653500142,74.62282629121553,15.0,0.0,30.0,1269,583,54.05831363278172,47.76068087851509,62.44108010563989,965,0.6041450777202072,0.4803059071729958,0.7677104556117438
HUPA MAIN,70,RandomForest,19,881,50,190,21.56640181611805,16.690884252359663,26.33424657534246,42,4.767309875141884,2.209901179915297,5.829242659549283,0.0,0.0,0.0,23,4,82.6086956521739,33.33333333333333,100.0,965,0.004145077720207254,0.0,0.010596055783399252
HUPA MAIN,70,MLP,19,881,50,273,30.98751418842225,27.843795879315746,34.98490712074303,96,10.896708286038592,7.505903539415604,13.026928462114551,0.0,0.0,15.0,119,44,63.02521008403361,52.63157894736842,72.41504247876061,965,0.04559585492227979,0.02272406266050334,0.058823529411764705
HUPA MAIN,70,LightGBM,19,881,50,78,8.853575482406356,6.70973356540367,13.359179989685396,19,2.1566401816118046,1.1194029850746268,3.6458333333333335,0.0,0.0,3.75,0,0,,,,965,0.0,0.0,0.0
HUPA MAIN,70,Stacking,19,881,50,240,27.24177071509648,23.30015175291866,31.900022878059943,32,3.6322360953461974,1.9440958815958815,5.208493098159509,0.0,0.0,0.0,2,1,50.0,50.0,50.0,965,0.0010362694300518134,0.0,0.0014962780175310226
HUPA MAIN,80,Persistence,19,881,50,875,99.31895573212259,98.15446522002533,99.72857766388826,697,79.11464245175937,76.61112679340688,83.41988427348926,15.0,15.0,45.0,2300,1396,39.30434782608695,35.475493327654746,48.484848484848484,965,1.4466321243523317,1.0532627769247642,1.57312376676171
HUPA MAIN,80,Ridge,19,881,50,876,99.43246311010215,99.07119844086544,100.0,832,94.43813847900114,92.4674879914606,96.3050910452758,30.0,15.0,46.25,2484,1427,42.552334943639295,38.99847694125188,48.83604028511648,965,1.4787564766839378,1.197764272840055,1.5863808780206878
HUPA MAIN,80,RandomForest,19,881,50,689,78.20658342792282,75.23814914987445,84.90609579100146,470,53.34846765039728,48.971691926552026,57.9136690647482,15.0,0.0,45.0,1241,703,43.35213537469782,37.839394995739404,59.24921737308502,965,0.7284974093264248,0.40964871564275884,0.831432020864883
HUPA MAIN,80,MLP,19,881,50,721,81.83881952326901,75.75701871657753,85.89554560678891,482,54.710556186152104,49.28491471215352,57.93681318681318,15.0,0.0,45.0,1287,739,42.57964257964258,39.210885883104076,56.53873801916932,965,0.7658031088082902,0.45401681274408845,0.8648368103898167
HUPA MAIN,80,LightGBM,19,881,50,753,85.47105561861521,82.92663990304499,90.3757253137701,432,49.03518728717366,45.31710253021148,53.47771020203379,15.0,0.0,30.0,1140,629,44.824561403508774,40.64289421046235,59.862674427569196,965,0.6518134715025907,0.3739283891430759,0.7438441364787809
HUPA MAIN,80,Stacking,19,881,50,863,97.95686719636775,97.62663483075528,99.30561562860439,655,74.34733257661748,71.69284611992946,81.66192166470147,15.0,15.0,45.0,1702,898,47.23854289071681,42.289965986394556,62.19775763972917,965,0.9305699481865285,0.559974358974359,1.0528204664121803
