patient,p_level,model,RMSE,MAE,R2,MARD,EGA_A,EGA_B,EGA_A+B,n_eval_samples,n_personal_samples,Delta_MARD,Delta_RMSE
540,0,LightGBM,19.964255907307745,14.856477566974084,0.8905405079137402,11.309224545394402,84.04512489927478,13.443459575611069,97.48858447488584,7446,0,0.0,0.0
540,5,LightGBM,19.99213643058984,15.02825442846808,0.8902345692525376,11.27674296212562,84.05855492882084,13.403169486972873,97.46172441579373,7446,751,0.03248158326878148,-0.027880523282096448
540,10,LightGBM,19.31069188483057,14.398231757099795,0.8975898879746197,10.874572766560958,84.98522696749933,12.449637389202255,97.43486435670158,7446,1502,0.4346517788334445,0.6535640224771733
540,20,LightGBM,19.448818998311555,14.488741175867007,0.8961195932585436,10.811700439159887,85.5761482675262,12.006446414182111,97.5825946817083,7446,3005,0.4975241062345148,0.5154369089961897
540,30,LightGBM,19.307948524057647,14.324914739795654,0.8976189835584981,10.714510523052375,85.25382755842062,12.40934730056406,97.66317485898468,7446,4508,0.5947140223420266,0.6563073832500983
540,50,LightGBM,19.232033997826186,14.363714348893607,0.8984224792858514,10.852131323679751,85.17324738114424,12.449637389202255,97.62288477034647,7446,7513,0.4570932217146506,0.7322219094815594
540,0,Persistence,26.20832006877377,19.420762825678217,0.811363582376049,14.202154690389696,75.16787536932581,22.88477034649476,98.05264571582056,7446,0,0.0,0.0
540,5,Persistence,26.20832006877377,19.420762825678217,0.811363582376049,14.202154690389696,75.16787536932581,22.88477034649476,98.05264571582056,7446,751,0.0,0.0
540,10,Persistence,26.20832006877377,19.420762825678217,0.811363582376049,14.202154690389696,75.16787536932581,22.88477034649476,98.05264571582056,7446,1502,0.0,0.0
540,20,Persistence,26.20832006877377,19.420762825678217,0.811363582376049,14.202154690389696,75.16787536932581,22.88477034649476,98.05264571582056,7446,3005,0.0,0.0
540,30,Persistence,26.20832006877377,19.420762825678217,0.811363582376049,14.202154690389696,75.16787536932581,22.88477034649476,98.05264571582056,7446,4508,0.0,0.0
540,50,Persistence,26.20832006877377,19.420762825678217,0.811363582376049,14.202154690389696,75.16787536932581,22.88477034649476,98.05264571582056,7446,7513,0.0,0.0
540,0,Ridge,21.546666340835262,16.264253576109244,0.8725008336117213,12.32730099425858,81.62771958098308,16.290625839376847,97.91834542035993,7446,0,0.0,0.0
540,5,Ridge,21.153261509269942,15.93115968504756,0.8771141581016529,11.444318880643616,84.66290625839378,13.72549019607843,98.3883964544722,7446,751,0.8829821136149647,0.39340483156532
540,10,Ridge,21.05142820059572,15.950940750637576,0.8782944725915656,11.650744720504644,83.73623421971529,13.980660757453666,97.71689497716896,7446,1502,0.6765562737539366,0.49523814023954316
540,20,Ridge,20.574143997858187,15.500552881773125,0.8837505993202164,11.334521640460924,84.13913510609723,14.128391082460382,98.2675261885576,7446,3005,0.9927793537976566,0.9725223429770757
540,30,Ridge,20.911552658982146,15.775198659455834,0.879906436390956,11.549307229117929,83.99140478109052,14.114961052914316,98.10636583400483,7446,4508,0.7779937651406517,0.6351136818531167
540,50,Ridge,20.37822369480445,15.348974543397144,0.8859540616594743,11.376987618824078,84.1122750470051,14.114961052914316,98.2272360999194,7446,7513,0.9503133754345026,1.1684426460308117
544,0,LightGBM,17.801060333143784,12.914522795898892,0.88874140525906,8.557012867428572,91.31602506714414,7.758877946881528,99.07490301402568,6702,0,0.0,0.0
544,5,LightGBM,17.006327827632983,12.406442368717336,0.898453976982048,8.294967266464344,91.97254550880334,7.0575947478364665,99.0301402566398,6702,675,0.26204560096422824,0.794732505510801
544,10,LightGBM,16.648953928019107,12.07889879602903,0.9026769459282894,8.03960890436003,92.62906595046256,6.595046254849299,99.22411220531184,6702,1350,0.5174039630685421,1.1521064051246768
544,20,LightGBM,16.50377709766496,11.985121560704211,0.9043668359683916,8.006414004850448,92.68874962697704,6.430916144434497,99.11966577141152,6702,2700,0.5505988625781235,1.297283235478826
544,30,LightGBM,16.499325388960067,11.969621174137874,0.904418420956264,7.972380110690877,92.68874962697704,6.490599820948971,99.179349447926,6702,4050,0.5846327567376948,1.3017349441837176
544,50,LightGBM,16.519107424152768,11.924808998062051,0.9041890865305554,7.91819702899282,92.8379588182632,6.341390629662787,99.179349447926,6702,6750,0.6388158384357521,1.2819529089910162
544,0,Persistence,22.744228069435227,16.801551775589378,0.818371402588225,10.92014047734678,84.64637421665175,14.667263503431812,99.31363772008356,6702,0,0.0,0.0
544,5,Persistence,22.744228069435227,16.801551775589378,0.818371402588225,10.92014047734678,84.64637421665175,14.667263503431812,99.31363772008356,6702,675,0.0,0.0
544,10,Persistence,22.744228069435227,16.801551775589378,0.818371402588225,10.92014047734678,84.64637421665175,14.667263503431812,99.31363772008356,6702,1350,0.0,0.0
544,20,Persistence,22.744228069435227,16.801551775589378,0.818371402588225,10.92014047734678,84.64637421665175,14.667263503431812,99.31363772008356,6702,2700,0.0,0.0
544,30,Persistence,22.744228069435227,16.801551775589378,0.818371402588225,10.92014047734678,84.64637421665175,14.667263503431812,99.31363772008356,6702,4050,0.0,0.0
544,50,Persistence,22.744228069435227,16.801551775589378,0.818371402588225,10.92014047734678,84.64637421665175,14.667263503431812,99.31363772008356,6702,6750,0.0,0.0
544,0,Ridge,19.63085315787889,14.490165286078728,0.8646930280889914,9.793465709643185,88.5108922709639,10.593852581319007,99.1047448522829,6702,0,0.0,0.0
544,5,Ridge,17.505691367691746,12.973296870358158,0.8924029508933261,8.818546131926496,91.4503133393017,7.743957027752909,99.1942703670546,6702,675,0.9749195777166886,2.1251617901871427
544,10,Ridge,17.615677133849076,12.665038974446412,0.8910466696984428,8.350033160792083,92.16651745747538,7.191883019994032,99.35840047746942,6702,1350,1.443432548851101,2.015176024029813
544,20,Ridge,17.871816765146406,13.052109166644952,0.8878551763996927,8.646967936983694,91.49507609668755,7.788719785138764,99.28379588182632,6702,2700,1.1464977726594903,1.759036392732483
544,30,Ridge,17.662500045856905,12.82003485322035,0.8904666985588044,8.468723234491899,91.71888988361682,7.56490599820949,99.28379588182632,6702,4050,1.324742475151286,1.9683531120219833
544,50,Ridge,17.469588053845566,12.626669541618387,0.8928463043363286,8.342196119042159,92.30080572963294,7.042673828707849,99.3434795583408,6702,6750,1.4512695906010258,2.1612651040333226
552,0,LightGBM,17.58929295501883,12.927582569564274,0.9061156662377942,9.41755617931157,89.12402428447528,8.985255854293149,98.10928013876844,5765,0,0.0,0.0
552,5,LightGBM,17.961602996078202,13.33084677009372,0.90209913024073,9.829755539776098,87.87510841283608,9.748482220294884,97.62359063313096,5765,584,-0.41219936046452865,-0.3723100410593716
552,10,LightGBM,17.72684916955814,13.007753743787896,0.9046414885426686,9.408719513893676,89.28013876843018,8.690372940156115,97.97051170858629,5765,1169,0.008836665417893741,-0.137556214539309
552,20,LightGBM,17.692554021877147,12.968426909748532,0.9050101012312608,9.39731440220197,89.28013876843018,8.638334778837814,97.918473547268,5765,2339,0.02024177710960018,-0.10326106685831604
552,30,LightGBM,17.591475607975244,12.92600962616693,0.9060923646038708,9.412222163300193,89.08933217692974,9.002601908065914,98.09193408499566,5765,3509,0.005334016011376619,-0.002182652956413733
552,50,LightGBM,17.501562722088543,12.856492984478171,0.9070498656830448,9.364253181356217,89.12402428447528,8.967909800520381,98.09193408499569,5765,5849,0.05330299795535254,0.08773023293028714
552,0,Persistence,22.17721340586465,15.828794449262793,0.8507513830313131,11.329054597473482,82.6539462272333,15.888985255854292,98.5429314830876,5765,0,0.0,0.0
552,5,Persistence,22.17721340586465,15.828794449262793,0.8507513830313131,11.329054597473482,82.6539462272333,15.888985255854292,98.5429314830876,5765,584,0.0,0.0
552,10,Persistence,22.17721340586465,15.828794449262793,0.8507513830313131,11.329054597473482,82.6539462272333,15.888985255854292,98.5429314830876,5765,1169,0.0,0.0
552,20,Persistence,22.17721340586465,15.828794449262793,0.8507513830313131,11.329054597473482,82.6539462272333,15.888985255854292,98.5429314830876,5765,2339,0.0,0.0
552,30,Persistence,22.17721340586465,15.828794449262793,0.8507513830313131,11.329054597473482,82.6539462272333,15.888985255854292,98.5429314830876,5765,3509,0.0,0.0
552,50,Persistence,22.17721340586465,15.828794449262793,0.8507513830313131,11.329054597473482,82.6539462272333,15.888985255854292,98.5429314830876,5765,5849,0.0,0.0
552,0,Ridge,18.524846983543267,13.917841854269891,0.8958628655723814,10.315213138547586,86.73026886383347,11.587163920208152,98.31743278404164,5765,0,0.0,0.0
552,5,Ridge,19.239794110236293,14.458770355189849,0.8876696260571756,10.56144981053862,86.33130962705984,11.691240242844753,98.0225498699046,5765,584,-0.24623667199103494,-0.7149471266930263
552,10,Ridge,19.61369962011866,14.605088563695665,0.883261151831002,10.223334494716646,88.13529921942758,10.494362532523851,98.62966175195145,5765,1169,0.09187864383094002,-1.0888526365753926
552,20,Ridge,19.63746950054293,14.771721402749076,0.8829780283051151,10.347518138320297,88.15264527320035,10.320901994796184,98.47354726799654,5765,2339,-0.03230499977271073,-1.1126225169996644
552,30,Ridge,19.0634318370668,14.359473008731534,0.8897195483783876,10.231961636800763,87.85776235906332,10.459670424978317,98.31743278404164,5765,3509,0.0832515017468225,-0.5385848535235347
552,50,Ridge,18.5491357675888,13.860635034791384,0.8955896085187808,9.982693544446134,87.90980052038161,10.563746747614918,98.47354726799652,5765,5849,0.33251959410145204,-0.024288784045534584
559,0,LightGBM,22.63809854986221,15.027946004597164,0.8911100125391423,10.215147607225871,86.86065696715164,11.054447277636118,97.91510424478776,6667,0,0.0,0.0
559,5,LightGBM,22.976904961543465,15.51838703564256,0.8878262829335649,10.523723232948416,86.3806809659517,11.44442777861107,97.82510874456275,6667,680,-0.30857562572254515,-0.33880641168125436
559,10,LightGBM,22.466632602861218,15.076641751664972,0.8927532791702564,10.245497782460426,86.3806809659517,11.60941952902355,97.99010049497524,6667,1360,-0.0303501752345543,0.1714659470009927
559,20,LightGBM,22.522586559903765,15.012059562651988,0.892218410307771,10.211383373375126,86.95065246737663,11.069446527673616,98.02009899505023,6667,2721,0.0037642338507453132,0.11551198995844558
559,30,LightGBM,22.33105771016633,14.851696033718676,0.8940437344176287,10.12281040020088,87.1456427178641,10.769461526923656,97.91510424478776,6667,4082,0.09233720702499149,0.3070408396958797
559,50,LightGBM,22.551899533548934,14.9845041658196,0.8919376739139835,10.197058713560356,87.08564571771412,10.829458527073646,97.91510424478776,6667,6804,0.01808889366551547,0.08619901631327664
559,0,Persistence,28.223733293877828,19.48267586620669,0.8307467664921004,13.003605519881562,79.57102144892755,18.44907754612269,98.02009899505023,6667,0,0.0,0.0
559,5,Persistence,28.223733293877828,19.48267586620669,0.8307467664921004,13.003605519881562,79.57102144892755,18.44907754612269,98.02009899505023,6667,680,0.0,0.0
559,10,Persistence,28.223733293877828,19.48267586620669,0.8307467664921004,13.003605519881562,79.57102144892755,18.44907754612269,98.02009899505023,6667,1360,0.0,0.0
559,20,Persistence,28.223733293877828,19.48267586620669,0.8307467664921004,13.003605519881562,79.57102144892755,18.44907754612269,98.02009899505023,6667,2721,0.0,0.0
559,30,Persistence,28.223733293877828,19.48267586620669,0.8307467664921004,13.003605519881562,79.57102144892755,18.44907754612269,98.02009899505023,6667,4082,0.0,0.0
559,50,Persistence,28.223733293877828,19.48267586620669,0.8307467664921004,13.003605519881562,79.57102144892755,18.44907754612269,98.02009899505023,6667,6804,0.0,0.0
559,0,Ridge,23.91028572860934,16.190067533990486,0.8785276069391877,11.092005833443078,85.30073496325184,12.64436778161092,97.94510274486277,6667,0,0.0,0.0
559,5,Ridge,26.97723074284045,18.77370036191041,0.8453667838898635,12.795608875343312,80.21598920053998,17.099145042747864,97.31513424328784,6667,680,-1.7036030419002337,-3.066945014231109
559,10,Ridge,24.38163607380553,16.74955074224468,0.8736911605998885,11.546261669369834,84.02579871006449,14.024298785060749,98.05009749512524,6667,1360,-0.4542558359267552,-0.4713503451961891
559,20,Ridge,23.75536134307836,16.29470011198526,0.8800966444659514,11.396510105373157,84.70076496175191,13.27433628318584,97.97510124493776,6667,2721,-0.3045042719300781,0.15492438553098253
559,30,Ridge,23.650324045960343,16.031894565531775,0.8811546355872042,11.200035215765974,85.42072896355182,12.659367031648417,98.08009599520024,6667,4082,-0.10802938232289527,0.2599616826489992
559,50,Ridge,23.553387294144173,16.167523973543652,0.8821268737505844,11.310738787034918,84.91075446227688,13.169341532923356,98.08009599520024,6667,6804,-0.21873295359183942,0.3568984344651689
563,0,LightGBM,16.82341467425699,11.799861939816711,0.9008988031977776,8.121579174896597,92.69053430973692,6.265256305939788,98.9557906156767,7374,0,0.0,0.0
563,5,LightGBM,17.21311600835611,12.11280243365812,0.8962544228515669,8.151282309732489,92.75834011391376,6.265256305939788,99.02359641985352,7374,740,-0.029703134835891376,-0.38970133409911867
563,10,LightGBM,17.645732230086246,12.454213538530196,0.8909740275819459,8.358549570190545,92.51423921887714,6.292378627610524,98.80661784648764,7374,1480,-0.23697039529394814,-0.8223175558292546
563,20,LightGBM,17.28367627952221,12.168780129602045,0.895402128609354,8.282700509810786,92.33794412801736,6.278817466775156,98.61676159479252,7374,2960,-0.16112133491418845,-0.4602616052652202
563,30,LightGBM,16.820040940574046,11.779790786496948,0.9009385463210502,8.10291558986831,92.55492270138323,6.251695145104421,98.80661784648764,7374,4440,0.018663585028287244,0.003373733682945357
563,50,LightGBM,16.918321962974154,11.784963811269243,0.899777514104649,8.088345980031937,92.78546243558448,6.0347165717385405,98.82017900732303,7374,7400,0.033233194864660476,-0.09490728871716314
563,0,Persistence,20.29281177971081,14.802278275020342,0.8558100291356382,9.940028322700384,87.93056685652292,11.282885815025766,99.21345267154868,7374,0,0.0,0.0
563,5,Persistence,20.29281177971081,14.802278275020342,0.8558100291356382,9.940028322700384,87.93056685652292,11.282885815025766,99.21345267154868,7374,740,0.0,0.0
563,10,Persistence,20.29281177971081,14.802278275020342,0.8558100291356382,9.940028322700384,87.93056685652292,11.282885815025766,99.21345267154868,7374,1480,0.0,0.0
563,20,Persistence,20.29281177971081,14.802278275020342,0.8558100291356382,9.940028322700384,87.93056685652292,11.282885815025766,99.21345267154868,7374,2960,0.0,0.0
563,30,Persistence,20.29281177971081,14.802278275020342,0.8558100291356382,9.940028322700384,87.93056685652292,11.282885815025766,99.21345267154868,7374,4440,0.0,0.0
563,50,Persistence,20.29281177971081,14.802278275020342,0.8558100291356382,9.940028322700384,87.93056685652292,11.282885815025766,99.21345267154868,7374,7400,0.0,0.0
563,0,Ridge,17.562947529135354,12.419760266144175,0.8919946155036846,8.532666935493962,92.1480878763222,6.929753186872796,99.077841063195,7374,0,0.0,0.0
563,5,Ridge,20.678569344250832,14.132880226901522,0.8502759463082813,9.425132722718518,89.17819365337672,9.845402766476813,99.02359641985352,7374,740,-0.8924657872245554,-3.115621815115478
563,10,Ridge,18.90185929783045,13.145219831931328,0.8748993253723397,8.776159197309116,91.63276376457824,7.485760781122864,99.1185245457011,7374,1480,-0.24349226181515427,-1.3389117686950947
563,20,Ridge,18.69093038368609,13.056716783387762,0.8776757844167032,8.688196952155668,92.27013832384053,6.834825061025224,99.10496338486575,7374,2960,-0.15553001666170552,-1.127982854550737
563,30,Ridge,18.147631510262865,12.750059415618274,0.8846837518019908,8.54419353130998,92.37862761052348,6.753458096013019,99.13208570653649,7374,4440,-0.01152659581601867,-0.5846839811275117
563,50,Ridge,18.40150950468976,12.882385974140451,0.8814347284482779,8.619734233484577,92.47355573637104,6.644968809330079,99.11852454570112,7374,7400,-0.08706729799061463,-0.8385619755544056
567,0,LightGBM,22.49484360102621,15.675841645044247,0.8592546707967251,10.456022296878812,86.7198074898481,10.813656188900586,97.53346367874867,6649,0,0.0,0.0
567,5,LightGBM,22.36861383416854,15.66763379503934,0.8608298231088392,10.460967437170751,86.67468792299594,10.87381561137013,97.54850353436608,6649,680,-0.004945140291939154,0.12622976685767284
567,10,LightGBM,21.952686532769786,15.332085241792775,0.8659572320621867,10.281157832454312,87.23116258083923,10.603098210257182,97.8342607910964,6649,1361,0.1748644644245001,0.5421570682564258
567,20,LightGBM,22.098424611996467,15.388557945711348,0.864171575459016,10.24902246410609,87.29132200330876,10.738456910813657,98.02977891412242,6649,2723,0.2069998327727216,0.39641898902974404
567,30,LightGBM,22.466649396102333,15.654135783701983,0.8596072596766265,10.437312972364774,86.7198074898481,10.828696044517972,97.54850353436606,6649,4085,0.018709324514038173,0.02819420492387792
567,50,LightGBM,21.880103271811148,15.186257504907031,0.8668421512742273,10.068564128873575,87.7876372386825,10.287261242292074,98.07489848097458,6649,6809,0.3874581680052369,0.6147403292150635
567,0,Persistence,28.72761704963673,20.66115205294029,0.7704553152504392,13.5474417695886,77.07926003910363,21.657392089035945,98.73665212813958,6649,0,0.0,0.0
567,5,Persistence,28.72761704963673,20.66115205294029,0.7704553152504392,13.5474417695886,77.07926003910363,21.657392089035945,98.73665212813958,6649,680,0.0,0.0
567,10,Persistence,28.72761704963673,20.66115205294029,0.7704553152504392,13.5474417695886,77.07926003910363,21.657392089035945,98.73665212813958,6649,1361,0.0,0.0
567,20,Persistence,28.72761704963673,20.66115205294029,0.7704553152504392,13.5474417695886,77.07926003910363,21.657392089035945,98.73665212813958,6649,2723,0.0,0.0
567,30,Persistence,28.72761704963673,20.66115205294029,0.7704553152504392,13.5474417695886,77.07926003910363,21.657392089035945,98.73665212813958,6649,4085,0.0,0.0
567,50,Persistence,28.72761704963673,20.66115205294029,0.7704553152504392,13.5474417695886,77.07926003910363,21.657392089035945,98.73665212813958,6649,6809,0.0,0.0
567,0,Ridge,23.150977963080333,16.488978796597387,0.8509243477034119,10.898091393421446,86.29869153256129,11.821326515265454,98.12001804782676,6649,0,0.0,0.0
567,5,Ridge,25.08700690339548,18.02358183259201,0.8249485414054352,11.597430334127305,84.47886900285758,13.340351932621449,97.81922093547902,6649,680,-0.699338940705859,-1.936028940315147
567,10,Ridge,22.64024782783028,16.02337342402119,0.8574292651356172,10.671419206309167,86.7198074898481,11.83636637088284,98.55617386073094,6649,1361,0.22667218711227832,0.5107301352500535
567,20,Ridge,22.80364536564402,16.066252516077547,0.8553639369418676,10.53560300608501,86.9303654684915,11.866446082117612,98.7968115506091,6649,2723,0.36248838733643574,0.3473325974363135
567,30,Ridge,22.751411913151017,15.938174013080593,0.8560257774804205,10.37934247376148,87.42668070386524,11.355090991126485,98.78177169499172,6649,4085,0.5187489196599664,0.3995660499293159
567,50,Ridge,22.416956867308578,15.615421863924766,0.8602276240902398,10.154872865339916,87.87787637238682,10.87381561137013,98.75169198375696,6649,6809,0.7432185280815293,0.7340210957717552
570,0,LightGBM,17.61399909243232,12.637716155754337,0.925355939836765,6.733789460872551,94.27614331488492,4.500436935624818,98.77658025050977,6866,0,0.0,0.0
570,5,LightGBM,17.136902807885686,12.212966363026048,0.9293448240481704,6.593837637148732,94.48004660646664,4.238275560734052,98.7183221672007,6866,694,0.13995182372381887,0.4770962845466329
570,10,LightGBM,17.213210312875347,12.257276350182408,0.928714193883494,6.5509831860892165,94.84415962714829,3.961549665016021,98.8057092921643,6866,1388,0.1828062747833341,0.40078877955697223
570,20,LightGBM,17.079481775223652,12.183990944318802,0.9298175227746116,6.492978979852109,94.80046606466648,4.063501310806874,98.86396737547334,6866,2776,0.2408104810204419,0.5345173172086675
570,30,LightGBM,17.33486176911668,12.389379966408075,0.9277030325729692,6.619885360174614,94.43635304398484,4.35479172735217,98.79114477133702,6866,4164,0.11390410069793688,0.2791373233156378
570,50,LightGBM,17.0602270335894,12.217942190930808,0.9299756755519516,6.558927524086212,94.49461112729392,4.32566268569764,98.82027381299154,6866,6940,0.1748619367863382,0.5537720588429202
570,0,Persistence,19.6390973586524,14.273230410719489,0.90720547325361,7.685989520009924,92.20798135741336,7.2676958928051265,99.47567725021848,6866,0,0.0,0.0
570,5,Persistence,19.6390973586524,14.273230410719489,0.90720547325361,7.685989520009924,92.20798135741336,7.2676958928051265,99.47567725021848,6866,694,0.0,0.0
570,10,Persistence,19.6390973586524,14.273230410719489,0.90720547325361,7.685989520009924,92.20798135741336,7.2676958928051265,99.47567725021848,6866,1388,0.0,0.0
570,20,Persistence,19.6390973586524,14.273230410719489,0.90720547325361,7.685989520009924,92.20798135741336,7.2676958928051265,99.47567725021848,6866,2776,0.0,0.0
570,30,Persistence,19.6390973586524,14.273230410719489,0.90720547325361,7.685989520009924,92.20798135741336,7.2676958928051265,99.47567725021848,6866,4164,0.0,0.0
570,50,Persistence,19.6390973586524,14.273230410719489,0.90720547325361,7.685989520009924,92.20798135741336,7.2676958928051265,99.47567725021848,6866,6940,0.0,0.0
570,0,Ridge,18.794684844826083,13.835026949161495,0.9150136044231842,7.123211127929189,94.66938537722108,4.616953102242936,99.28633847946402,6866,0,0.0,0.0
570,5,Ridge,17.322968253454977,12.547845530145128,0.9278022049975836,6.666914837566599,94.61112729391203,4.7771628313428485,99.38829012525488,6866,694,0.45629629036259,1.4717165913711057
570,10,Ridge,17.05145147771381,12.246565757386067,0.9300476962026352,6.474897209330013,95.01893387707544,4.442178852315759,99.4611127293912,6866,1388,0.6483139185991762,1.7432333671122713
570,20,Ridge,16.995636913188083,12.215654743151338,0.9305048968470588,6.509767751598769,94.84415962714829,4.602388581415672,99.44654820856394,6866,2776,0.6134433763304203,1.7990479316380004
570,30,Ridge,17.65263642858537,12.809388939681671,0.9250281084575636,6.888469008928213,94.334401398194,4.995630643751821,99.33003204194584,6866,4164,0.23474211900097686,1.142048416240712
570,50,Ridge,17.46399385205998,12.596531377242474,0.9266219012911372,6.769257801756488,94.49461112729392,4.879114477133703,99.3737256044276,6866,6940,0.35395332617270103,1.3306909927661046
575,0,LightGBM,22.000446719266023,14.877059428974164,0.8837892939326333,11.387121999034951,84.28298800436205,11.65485278080698,95.93784078516904,7336,0,0.0,0.0
575,5,LightGBM,21.789288611979075,14.621928780428767,0.8860093463169247,10.978233498725698,85.18266085059979,11.423118865866956,96.60577971646674,7336,743,0.40888850030925283,0.2111581072869484
575,10,LightGBM,21.75297562646857,14.701218387037676,0.8863889724548331,11.07439614629407,85.33260632497274,11.205016357688113,96.53762268266084,7336,1486,0.31272585274088094,0.24747109279745416
575,20,LightGBM,21.702368114167832,14.512891387473635,0.8869169814488572,10.88532381294009,85.56434023991275,11.150490730643403,96.71483097055616,7336,2972,0.5017981860948613,0.2980786050981905
575,30,LightGBM,21.77932729663651,14.63510233498728,0.8861135477263928,11.061441021330095,85.16902944383861,11.395856052344602,96.5648854961832,7336,4458,0.32568097770485593,0.22111942262951345
575,50,LightGBM,21.72821086530219,14.532555599751046,0.8866475070537555,10.93148011136084,85.16902944383861,11.382224645583424,96.55125408942205,7336,7431,0.45564188767411196,0.27223585396383143
575,0,Persistence,27.62296045654521,19.241412213740457,0.8168007949785387,13.828547991600049,76.52671755725191,21.37404580152672,97.90076335877863,7336,0,0.0,0.0
575,5,Persistence,27.62296045654521,19.241412213740457,0.8168007949785387,13.828547991600049,76.52671755725191,21.37404580152672,97.90076335877863,7336,743,0.0,0.0
575,10,Persistence,27.62296045654521,19.241412213740457,0.8168007949785387,13.828547991600049,76.52671755725191,21.37404580152672,97.90076335877863,7336,1486,0.0,0.0
575,20,Persistence,27.62296045654521,19.241412213740457,0.8168007949785387,13.828547991600049,76.52671755725191,21.37404580152672,97.90076335877863,7336,2972,0.0,0.0
575,30,Persistence,27.62296045654521,19.241412213740457,0.8168007949785387,13.828547991600049,76.52671755725191,21.37404580152672,97.90076335877863,7336,4458,0.0,0.0
575,50,Persistence,27.62296045654521,19.241412213740457,0.8168007949785387,13.828547991600049,76.52671755725191,21.37404580152672,97.90076335877863,7336,7431,0.0,0.0
575,0,Ridge,24.05386760257205,16.516426464667656,0.8610837747692965,12.192637726544406,82.76990185387132,14.422028353326064,97.19193020719736,7336,0,0.0,0.0
575,5,Ridge,24.992722528515248,16.875619778339804,0.8500279677387049,12.353978458324168,82.0474372955289,15.308069792802618,97.3555070883315,7336,743,-0.16134073177976127,-0.9388549259431969
575,10,Ridge,24.98461114720251,17.103797077868133,0.8501252987064973,12.717608724580826,81.13413304253,15.703380588876772,96.83751363140676,7336,1486,-0.5249709980364194,-0.9307435446304595
575,20,Ridge,24.278293317372164,16.420614287305668,0.8584794690109531,11.960805233028616,83.36968375136314,13.931297709923664,97.3009814612868,7336,2972,0.23183249351579072,-0.22442571480011253
575,30,Ridge,24.102581063735048,16.200290781761602,0.8605205437289176,11.71972942245203,83.84678298800436,13.53598691384951,97.38276990185388,7336,4458,0.4729083040923765,-0.04871346116299691
575,50,Ridge,23.773153645288083,16.088576895732658,0.8643072213764034,11.43802118043626,85.16902944383861,12.6226826608506,97.7917121046892,7336,7431,0.7546165461081458,0.2807139572839681
584,0,LightGBM,26.79058825614598,18.067099088244337,0.8409533811288409,10.781585728104051,87.32073448599384,11.137917169280255,98.4586516552741,7461,0,0.0,0.0
584,5,LightGBM,26.815490141867663,18.13786303519875,0.8406575756494858,10.811515740729051,87.33413751507841,11.11111111111111,98.44524862618952,7461,758,-0.029930012624999947,-0.024901885721682504
584,10,LightGBM,26.65655996954257,17.88867180696176,0.8425407612769829,10.760026178484225,87.53518295134701,10.869856587588796,98.4050395389358,7461,1517,0.021559549619826868,0.13402828660341015
584,20,LightGBM,26.65076305800024,17.89035135953077,0.8426092380819536,10.81552752352559,87.30733145690927,11.070902023857393,98.37823348076664,7461,3034,-0.033941795421538856,0.1398251981457399
584,30,LightGBM,26.45525568674376,17.80541695610515,0.8449099742631814,10.777496717380115,87.40115266050127,10.910065674842514,98.31121833534378,7461,4552,0.004089010723935971,0.3353325694022189
584,50,LightGBM,26.57160912463657,17.873798314357074,0.8435427646234424,10.767619727799206,87.30733145690927,11.070902023857393,98.37823348076664,7461,7587,0.01396600030484585,0.2189791315094105
584,0,Persistence,30.18774741217376,20.950542822677924,0.7980604628778372,12.592140326542497,82.83071974266184,15.735156145288837,98.56587588795068,7461,0,0.0,0.0
584,5,Persistence,30.18774741217376,20.950542822677924,0.7980604628778372,12.592140326542497,82.83071974266184,15.735156145288837,98.56587588795068,7461,758,0.0,0.0
584,10,Persistence,30.18774741217376,20.950542822677924,0.7980604628778372,12.592140326542497,82.83071974266184,15.735156145288837,98.56587588795068,7461,1517,0.0,0.0
584,20,Persistence,30.18774741217376,20.950542822677924,0.7980604628778372,12.592140326542497,82.83071974266184,15.735156145288837,98.56587588795068,7461,3034,0.0,0.0
584,30,Persistence,30.18774741217376,20.950542822677924,0.7980604628778372,12.592140326542497,82.83071974266184,15.735156145288837,98.56587588795068,7461,4552,0.0,0.0
584,50,Persistence,30.18774741217376,20.950542822677924,0.7980604628778372,12.592140326542497,82.83071974266184,15.735156145288837,98.56587588795068,7461,7587,0.0,0.0
584,0,Ridge,28.59754274992568,18.864507590586577,0.818775305114523,11.053047327624505,87.26712236965554,11.32555957646428,98.59268194611982,7461,0,0.0,0.0
584,5,Ridge,29.35381751783832,20.32735961272379,0.80906342781448,12.321256078872588,83.9967832730197,14.274225975070364,98.27100924809008,7461,758,-1.2682087512480837,-0.7562747679126396
584,10,Ridge,28.428827261659738,19.630968600677296,0.82090732191298,11.92616601179379,85.37729526873073,13.108162444712503,98.48545771344324,7461,1517,-0.8731186841692846,0.16871548826594207
584,20,Ridge,28.00876986212756,19.131589754128687,0.8261606811022123,11.583896699969994,86.18147701380512,12.344189786891835,98.52566680069695,7461,3034,-0.5308493723454895,0.5887728877981182
584,30,Ridge,27.78062209535246,19.10815364546233,0.8289811920619287,11.513914465477006,86.24849215922798,12.236965554215251,98.48545771344322,7461,4552,-0.46086713785250133,0.8169206545732202
584,50,Ridge,27.50495047257541,18.563610270962,0.8323584467716509,11.238792241880734,86.75780726444177,11.861680739847206,98.61948800428895,7461,7587,-0.18574491425622952,1.0925922773502705
588,0,LightGBM,19.186064043592523,13.877436260105362,0.8448558975725483,8.326052548024325,91.59326424870466,8.238341968911918,99.83160621761658,7720,0,0.0,0.0
588,5,LightGBM,19.51058885980805,14.191772637984062,0.8395631058275679,8.37158141915355,91.80051813471502,8.005181347150259,99.80569948186528,7720,774,-0.04552887112922477,-0.32452481621552565
588,10,LightGBM,19.159979612126588,13.854098067516114,0.8452774634290445,8.227561870483829,92.21502590673576,7.512953367875648,99.7279792746114,7720,1549,0.09849067754049656,0.026084431465935864
588,20,LightGBM,18.991479727870207,13.697546564953278,0.8479868704590581,8.170313724700364,92.21502590673576,7.525906735751295,99.74093264248704,7720,3099,0.15573882332396138,0.1945843157223166
588,30,LightGBM,18.960165807558,13.67068434471764,0.8484877479839241,8.145886751576086,92.20207253886012,7.538860103626943,99.74093264248704,7720,4649,0.1801657964482395,0.2258982360345243
588,50,LightGBM,18.802792454083416,13.577277930350876,0.8509924767261663,8.119579504696906,92.21502590673576,7.512953367875648,99.7279792746114,7720,7749,0.2064730433274189,0.383271589509107
588,0,Persistence,22.45033666964286,16.376943005181346,0.7875732484743041,9.877146171229809,87.78497409326425,12.007772020725389,99.79274611398964,7720,0,0.0,0.0
588,5,Persistence,22.45033666964286,16.376943005181346,0.7875732484743041,9.877146171229809,87.78497409326425,12.007772020725389,99.79274611398964,7720,774,0.0,0.0
588,10,Persistence,22.45033666964286,16.376943005181346,0.7875732484743041,9.877146171229809,87.78497409326425,12.007772020725389,99.79274611398964,7720,1549,0.0,0.0
588,20,Persistence,22.45033666964286,16.376943005181346,0.7875732484743041,9.877146171229809,87.78497409326425,12.007772020725389,99.79274611398964,7720,3099,0.0,0.0
588,30,Persistence,22.45033666964286,16.376943005181346,0.7875732484743041,9.877146171229809,87.78497409326425,12.007772020725389,99.79274611398964,7720,4649,0.0,0.0
588,50,Persistence,22.45033666964286,16.376943005181346,0.7875732484743041,9.877146171229809,87.78497409326425,12.007772020725389,99.79274611398964,7720,7749,0.0,0.0
588,0,Ridge,19.937908863705644,14.477527715905593,0.8324583822709066,8.753621164889811,90.5958549222798,9.209844559585491,99.80569948186528,7720,0,0.0,0.0
588,5,Ridge,24.05085131170074,18.08809506463309,0.7562052223346241,10.217965747385904,88.83419689119171,10.582901554404144,99.41709844559584,7720,774,-1.4643445824960928,-4.112942447995096
588,10,Ridge,24.85003893282378,18.53563115208019,0.7397338795478421,10.637404875264188,86.56735751295336,12.66839378238342,99.23575129533678,7720,1549,-1.8837837103743773,-4.912130069118135
588,20,Ridge,20.31267732691128,14.855902641533625,0.8261007011858719,8.879261273643408,90.80310880829016,8.860103626943005,99.66321243523316,7720,3099,-0.125640108753597,-0.37476846320563695
588,30,Ridge,19.99224697924217,14.676522925356297,0.8315439130984907,8.79766130837546,90.94559585492227,8.717616580310882,99.66321243523316,7720,4649,-0.044040143485649,-0.054338115536527454
588,50,Ridge,19.65512385743193,14.44462854584,0.8371772590721596,8.722201464170928,91.10103626943004,8.575129533678757,99.67616580310882,7720,7749,0.03141970071888345,0.2827850062737127
591,0,LightGBM,26.14098075905456,17.58515238794535,0.7679827468169871,14.38362707795085,79.48717948717949,16.439560439560438,95.92673992673993,6825,0,0.0,0.0
591,5,LightGBM,26.22441823368189,18.101530427265395,0.7664992654562182,15.299742052834947,77.24542124542124,17.78754578754579,95.03296703296704,6825,688,-0.9161149748840973,-0.0834374746273312
591,10,LightGBM,26.14653083529328,17.961173588421914,0.7678842156903213,15.2516834693562,78.02197802197803,16.703296703296704,94.72527472527472,6825,1376,-0.8680563914053501,-0.0055500762387197256
591,20,LightGBM,26.130402889564177,17.585068720162827,0.7681704789984388,14.39833440251476,79.48717948717949,16.424908424908423,95.91208791208793,6825,2752,-0.014707324563909552,0.010577869490383307
591,30,LightGBM,26.13256683897161,17.58354484721014,0.7681320801930991,14.394580908650614,79.41391941391942,16.498168498168496,95.91208791208793,6825,4128,-0.010953830699763856,0.008413920082951165
591,50,LightGBM,26.047432549798,17.591270558837838,0.7696403710902227,14.591109872684916,79.25274725274726,16.263736263736263,95.51648351648352,6825,6880,-0.20748279473406583,0.09354820925656071
591,0,Persistence,30.096650173206186,20.6734065934066,0.6924520428165641,15.975856842134132,74.12454212454213,22.73992673992674,96.86446886446888,6825,0,0.0,0.0
591,5,Persistence,30.096650173206186,20.6734065934066,0.6924520428165641,15.975856842134132,74.12454212454213,22.73992673992674,96.86446886446888,6825,688,0.0,0.0
591,10,Persistence,30.096650173206186,20.6734065934066,0.6924520428165641,15.975856842134132,74.12454212454213,22.73992673992674,96.86446886446888,6825,1376,0.0,0.0
591,20,Persistence,30.096650173206186,20.6734065934066,0.6924520428165641,15.975856842134132,74.12454212454213,22.73992673992674,96.86446886446888,6825,2752,0.0,0.0
591,30,Persistence,30.096650173206186,20.6734065934066,0.6924520428165641,15.975856842134132,74.12454212454213,22.73992673992674,96.86446886446888,6825,4128,0.0,0.0
591,50,Persistence,30.096650173206186,20.6734065934066,0.6924520428165641,15.975856842134132,74.12454212454213,22.73992673992674,96.86446886446888,6825,6880,0.0,0.0
591,0,Ridge,28.147898933414943,18.80063440969765,0.7309899581378468,14.883376905145218,77.68498168498168,18.842490842490843,96.52747252747253,6825,0,0.0,0.0
591,5,Ridge,28.32140160888498,19.738147384490624,0.7276634000564897,16.276088641327142,73.91941391941391,21.904761904761905,95.82417582417582,6825,688,-1.3927117361819246,-0.1735026754700364
591,10,Ridge,28.232706125086423,19.71899343020085,0.7293665080521327,16.361030739862947,74.3003663003663,21.33333333333333,95.63369963369964,6825,1376,-1.4776538347177297,-0.0848071916714801
591,20,Ridge,28.532508603387583,19.2901919318709,0.72358828863055,15.6100142701985,76.05860805860806,20.205128205128204,96.26373626373626,6825,2752,-0.726637365053282,-0.38460966997264023
591,30,Ridge,28.33756010572053,18.74562985163549,0.727352553475205,14.871876908610515,77.72893772893772,18.81318681318681,96.54212454212454,6825,4128,0.011499996534702461,-0.18966117230558766
591,50,Ridge,28.82805250059701,19.00644502180535,0.717832406220688,15.0550827444451,77.53846153846153,19.03296703296704,96.57142857142856,6825,6880,-0.17170583929988226,-0.6801535671820673
596,0,LightGBM,17.267298154819994,11.051454274485424,0.8744545758936336,8.287353427698392,91.9239209948793,6.583760058522311,98.5076810534016,6835,0,0.0,0.0
596,5,LightGBM,17.614437379512648,11.4886414613599,0.8693559413239883,8.465210672254122,91.96781272860278,6.48134601316752,98.4491587417703,6835,689,-0.17785724455572982,-0.3471392246926541
596,10,LightGBM,17.194670702606338,10.965200510992084,0.8755084603688288,8.147320932029242,92.4067300658376,6.071689831748354,98.47841989758597,6835,1379,0.14003249566914988,0.07262745221365563
596,20,LightGBM,17.188996793318246,10.942304927607273,0.8755906064213675,8.143854433500849,92.52377468910022,5.910753474762253,98.43452816386248,6835,2758,0.14349899419754308,0.07830136150174738
596,30,LightGBM,17.228745921316136,11.001142427520762,0.8750145538739713,8.240031613018662,92.12874908558888,6.393562545720556,98.52231163130944,6835,4137,0.04732181467973007,0.03855223350385728
596,50,LightGBM,16.907428686318738,10.85592684644936,0.8796330542618475,8.108958710474273,92.46525237746891,6.086320409656182,98.5515727871251,6835,6896,0.17839471722411915,0.35986946850125534
596,0,Persistence,20.980368432095087,13.993855157278713,0.8146560847172823,10.25102836881591,86.39356254572056,12.494513533284564,98.88807607900512,6835,0,0.0,0.0
596,5,Persistence,20.980368432095087,13.993855157278713,0.8146560847172823,10.25102836881591,86.39356254572056,12.494513533284564,98.88807607900512,6835,689,0.0,0.0
596,10,Persistence,20.980368432095087,13.993855157278713,0.8146560847172823,10.25102836881591,86.39356254572056,12.494513533284564,98.88807607900512,6835,1379,0.0,0.0
596,20,Persistence,20.980368432095087,13.993855157278713,0.8146560847172823,10.25102836881591,86.39356254572056,12.494513533284564,98.88807607900512,6835,2758,0.0,0.0
596,30,Persistence,20.980368432095087,13.993855157278713,0.8146560847172823,10.25102836881591,86.39356254572056,12.494513533284564,98.88807607900512,6835,4137,0.0,0.0
596,50,Persistence,20.980368432095087,13.993855157278713,0.8146560847172823,10.25102836881591,86.39356254572056,12.494513533284564,98.88807607900512,6835,6896,0.0,0.0
596,0,Ridge,18.837805054955428,11.970946005437606,0.8505786318893592,9.069439583902142,90.46086320409655,8.295537673738112,98.75640087783468,6835,0,0.0,0.0
596,5,Ridge,20.530512286424567,14.075486773739016,0.8225190746148372,9.911685859271197,89.71470373079737,8.939283101682516,98.65398683247987,6835,689,-0.8422462753690549,-1.6927072314691394
596,10,Ridge,19.002933825272308,12.404770886119127,0.8479475493850933,9.083852901640938,90.44623262618872,8.412582297000732,98.85881492318948,6835,1379,-0.014413317738796394,-0.16512877031687978
596,20,Ridge,18.56485015924803,11.923383228826294,0.8548774140118256,8.7225547949593,91.5435259692758,7.388441843452816,98.9319678127286,6835,2758,0.346884788942841,0.2729548957073966
596,30,Ridge,18.376765821136413,11.815699720617369,0.8578030523234811,8.735580228776717,91.64594001463058,7.286027798098025,98.9319678127286,6835,4137,0.33385935512542453,0.46103923381901524
596,50,Ridge,18.37083338368801,11.85607714144763,0.8578948463141266,8.801827909547082,91.57278712509144,7.25676664228237,98.8295537673738,6835,6896,0.2676116743550594,0.46697167126741945
