model,p_level,MARD_mean,MARD_std,RMSE_mean,RMSE_std,MAE_mean,MAE_std,R2_mean,R2_std,EGA_A_mean,EGA_A_std,EGA_B_mean,EGA_B_std,EGA_A+B_mean,EGA_A+B_std,Delta_MARD_mean,Delta_MARD_std,Delta_RMSE_mean,Delta_RMSE_std,n_patients
Persistence,0,11.929427883142736,2.3302169235485413,24.94592368080121,3.955350457462513,17.708883787308523,2.63927864174367,0.8128538821659917,0.051968098915456444,82.24312846488492,5.786557516141569,16.370790390793555,5.104815528152515,98.61391885567845,0.8155141765149085,0.0,0.0,0.0,0.0,12
Persistence,5,11.929427883142736,2.3302169235485413,24.94592368080121,3.955350457462513,17.708883787308523,2.63927864174367,0.8128538821659917,0.051968098915456444,82.24312846488492,5.786557516141569,16.370790390793555,5.104815528152515,98.61391885567845,0.8155141765149085,0.0,0.0,0.0,0.0,12
Persistence,10,11.929427883142736,2.3302169235485413,24.94592368080121,3.955350457462513,17.708883787308523,2.63927864174367,0.8128538821659917,0.051968098915456444,82.24312846488492,5.786557516141569,16.370790390793555,5.104815528152515,98.61391885567845,0.8155141765149085,0.0,0.0,0.0,0.0,12
Persistence,20,11.929427883142736,2.3302169235485413,24.94592368080121,3.955350457462513,17.708883787308523,2.63927864174367,0.8128538821659917,0.051968098915456444,82.24312846488492,5.786557516141569,16.370790390793555,5.104815528152515,98.61391885567845,0.8155141765149085,0.0,0.0,0.0,0.0,12
Persistence,30,11.929427883142736,2.3302169235485413,24.94592368080121,3.955350457462513,17.708883787308523,2.63927864174367,0.8128538821659917,0.051968098915456444,82.24312846488492,5.786557516141569,16.370790390793555,5.104815528152515,98.61391885567845,0.8155141765149085,0.0,0.0,0.0,0.0,12
Persistence,50,11.929427883142736,2.3302169235485413,24.94592368080121,3.955350457462513,17.708883787308523,2.63927864174367,0.8128538821659917,0.051968098915456444,82.24312846488492,5.786557516141569,16.370790390793555,5.104815528152515,98.61391885567845,0.8155141765149085,0.0,0.0,0.0,0.0,12
Ridge,0,10.502839820070259,2.0700359730336193,21.891357146040193,3.7231846047704735,15.353011370720543,2.221976675069176,0.8552835795020414,0.04754408538965817,87.00537537500183,4.763121724802754,11.381625327708408,3.9460130214637306,98.38700070271022,0.9229282711099904,0.0,0.0,0.0,0.0,12
Ridge,5,11.032531364837121,2.39668041495475,22.93448562370863,4.104754652444807,16.32882862300591,2.6793098430075855,0.8392549420177043,0.0567800571539314,85.78677029044944,5.54720922466386,12.435999364048884,4.563798146883032,98.22276965449832,1.0495818307321265,-0.5296915447668631,0.9168936867587086,-1.0431284776684417,1.8688180650782242,12
Ridge,10,10.701576075956183,2.507451064512178,22.229593076982358,3.9490176225755955,15.73166159927571,2.7401858874563727,0.8480625249196697,0.05935441225116639,86.60506162407945,5.574604761385553,11.723446962138377,4.526530156217208,98.32850858621786,1.1352097017559062,-0.19873625588592372,0.9333849893784045,-0.33823593094216725,1.7707663084780567,12
Ridge,20,10.351301483564777,2.3180082918860765,21.66884196151589,3.8337991161441143,15.214949120786187,2.4283334531109113,0.8572859683865016,0.050828867863871544,87.5407240382133,5.129923672071281,10.962097503539932,4.237288812613237,98.50282154175324,0.9664072818581971,0.15153833650548099,0.5760233543002601,0.22251518452429822,0.9580872319333456,12
Ridge,30,10.241732888655662,2.1215710208049137,21.535772042087675,3.7926300821632823,15.085876698346093,2.336911665845466,0.8594321842786125,0.049430835054896476,87.79535370380235,4.70469907988712,10.707738991525195,3.8817174560142935,98.50309269532754,0.8928020387396363,0.26110693141459523,0.4704550921424755,0.355585103952517,0.7289559398075649,12
Ridge,50,10.151033875867364,2.146468177287908,21.363742407835147,3.87365072985989,14.921456682037158,2.3181108961648653,0.8611976068208209,0.052144048123609565,88.0182333863843,4.736214122421028,10.553154055801693,3.9555153712267157,98.57138744218601,0.844142894573242,0.35180594420289446,0.5286134617143222,0.5276147382050439,0.8458278581483256,12
LightGBM,0,9.831339409401744,2.0389710897765547,20.525861920493934,3.467418840857231,14.27484584311703,2.1656353988574772,0.8728377417604706,0.04118076709437563,88.30336696280291,4.329377353857755,9.739651875164082,3.348530747948438,98.043018837967,1.1878920878193642,0.0,0.0,0.0,0.0,12
LightGBM,5,9.921463314088651,2.2301394607420093,20.55081900775868,3.4933572690846564,14.401589128073509,2.2284457476015294,0.8722606886659702,0.042165865121655176,88.14420957785046,4.808352693800513,9.819943736383408,3.6949002393215973,97.96415331423388,1.2678916458528635,-0.09012390468690623,0.3436348406946804,-0.024957087264748285,0.37558693029497636,12
LightGBM,10,9.768339846054728,2.2346267622344675,20.322956117253145,3.4714990094235683,14.164621961668052,2.2033937363978477,0.8750755773636225,0.04181451494604275,88.61468311250663,4.691711268901543,9.380359622026047,3.5242707394143236,97.99504273453267,1.3275746510284336,0.06299956334701802,0.35818294948680274,0.20290580324078444,0.4790835730557314,12
LightGBM,20,9.65540567254484,2.056338225658075,20.274444160618373,3.532368702049208,14.068653432360977,2.186765682436719,0.8756983619182187,0.041965265366011396,88.83525609217834,4.315986429675435,9.275740078620542,3.433722116765957,98.11099617079888,1.0352235913371868,0.17593373685690636,0.2344231026368485,0.25141775987555953,0.42866597528614253,12
LightGBM,30,9.666789510967298,2.0547960130393403,20.242285074014866,3.5389947943786013,14.049286585080592,2.198454677220659,0.8760900205122897,0.04213844067340235,88.68362987150965,4.3321718105937626,9.40364219568169,3.385951423986371,98.08727206719134,1.0756990639770143,0.16454989843444578,0.22026661481983495,0.28357684647906733,0.3750387745567467,12
LightGBM,50,9.63051881729975,2.1108409966831267,20.143394135510835,3.5755396073879244,13.979126104508893,2.224873830379575,0.8773875516749747,0.04174902242880814,88.80816445340479,4.405549723301894,9.296014463074686,3.397731361907471,98.10417891647948,1.1469159457743867,0.20082059210199468,0.24184063871162065,0.38246778498309375,0.37417727489299285,12
